排序,标题,热度,链接
1.,扎根中国大地赓续中华文脉厚植学术根基,,/l?e=bfb7aelPvP6iisiMZ%2F5gC6oQ5jRwF1Z63e6%2BfgIelAU%2Flg1kp7zNOSTIYMHcQ3AYK6ybUXJrgF3eTSdw0Gzdz%2BBa6ODI7Y6nc2otMipPVrOGx7D%2BGQW7dCzknappjKCVf7A51TG7i1fa8uysTlRMGi%2B8eUx5el6WtLcrN3GJZeluAE%2Fm1dKhTalZPm%2BGeMaM9Nji71yZaoG1Shiyk5fqCB8P9FA%2FyYlEHLicUgy9v4MrqcCTK9n4%2BajqtExdDJ5K69gj1XG87mVVfeKjeI%2FbNCVPkebwN8qpXR3SzHeZq0Aybw91byOpDcwJCqwmKi2LLg2r3gwSTDzqGjQYL%2B5eT0XwjXDshFSvVdAC08tHWKHINnY1rwEu39rECnO%2BMsjmCJDJ1KKz8dsYM1Ysr54TBtCEMhNMv6WrICDiLd6LAYb9IR%2BhU9ZAsH%2BHqSj%2B66O%2FV8kh2Bv4JwC%2B9iFqTQLRPgczeWCq05nN3yKK85ekzM3dm3Y
2.,外交部回应优衣库不用新疆棉,299.0万,/l?e=e4415TMd5SsCIouxq5%2F5NhL%2FcIrWvQGuTe6VoRBgjgZOYnwvp37pLE8SkGmHID8j7hbKzOn5e8vdai%2BQFx64Bra82zwfBnXSh8jhbxRDpqijoWpnJpd5CrgGp7BCypIf6c9WktRgvVVPLbKspoKL6wBCTfcYz4mvDAIqsT2rQNWrRpos5VJYTUiLJRoFv78TORkCNSjB%2BfMxTWZQg4E8LKggagdcd97N0oufvTUO%2FZSg0agHL9XxkgqwcywS2sQJ5gqMF4YqZldkDm%2FZEAJ8GIKSx8DKhpwevtZ17C%2BIwDn8TzcMVgGowlladp6ZNiov1%2BjQEkoilh3mXBqvHEhN3nyVfUVVrgPjgn8mVLziE%2B6NCzc2MH7or5%2FSdVxDszHnYBZdbWusR4Y
3.,春晚官博回复檀健次春晚相关,晚会 888700,/l?e=d67fmr9CZrkj5QD%2FzSfuUPTqWvqTqGayP8icjS9szOH7kOu6iXs5Qm4eIFvdAb4svZgxjNLkv%2Bd6Q45iEalSVMLW%2F0VJREgnjOgUDZ2dSMOS9N4cVaJy0s8zIuLiNM%2BWzqmSEkyQ0z0j%2Fe%2FVvMB9SrKm4fvsDDTY7elCe0kM5cB%2BMdV4WDt9O%2F5EFlRx%2BXSNtq4RkWbVhcX9wELLaqnLQ6uSaCpkt1AY7X4FGvRWhVtx1m0SrTflB1wyCr9SXwvQB%2BD%2BjqJX7m3VuZNlODMYIZ5ZfUxLLgY%2FWv7HdYlvqaC7n6eGrorjevnkePZV350rVHZWkIHw2f3CpTcrLVoF9grAZiM5hflV3e8%2FPHGxHbNfGm%2BTSqdgvQSvoLCt7F4Fn71ftiT7blo
4.,43位志愿军烈士遗骸今日安葬,81.3万,/l?e=3160nC1DoDCSAjVopyaygZfwyGUKL0k8tqw1KLSZ2Md5ed3FqQ2ocee5GHi6Iz9XgquTFqN6oNPqaDNgpBQnRblieDyJh4I51fKtLAaIGhTUHvd%2BNiGA2PW4eT9RbbxveAR6p4UPvQ2hlW5aTz6kzlcjofELDMCr6%2BcWJg6d0Zj25oD3n8fj4NSv9M4lBIKqF5A91hdF%2F3BPSFODlKV30MYm3PfgN3T2A%2Bm2WsnUUytO%2BA6RQghqLUaWuhPIB0ljvaAE1uKzP8X%2BuahlnZJQCftcErOHsHV25ubrEhj1%2FPYvarmTpXEFl8J9Lin7YYrUFBe%2F0WvnUwa60H0f3tYiDJWQu0F2OZw037Epm409xOzDWthDsPTNyUuHMQ
5.,韩安冉称do脸模板是赵露思,76.2万,/l?e=8c52GP8H0XkbI6itlxgJBtGnEq6GUEU2Q3hjG%2BMiydqAm38j4jgoL9yke3w23Z6SyIUOO3SUkDRkWdFq59M%2BvfaWFjs8TDLlVotfbev0h6pRh%2FPd20UHXKJObJvciBSLRfGv%2BrLu6TZWWOTEGHeWORyM8JDXzeN%2FUcY1FkDKj%2BuQrQoyEj9s9HONk2Gyir3Gj1ECnfZP775TYP6H2cdI2aBWlDFIBu3fe4F2296ltT6cohlBmBSYmC%2BoKu%2FMQcrDzLdsfkekXUtciQgLWMUsOSeofHr1E79dFUo%2BCsffEyJW6GAohvmWTJmfI5FLyeCHT3sNI0Ok%2BR9W%2F%2FC3wSU1V6vcDDAX%2BP8I%2BKe03A
6.,巴黎世家售出8天后要顾客补1147元,66.9万,/l?e=cba1OfiXIr2L8hcb4Am5yjqpYDGwjz4qRJ6AJ%2Fe587Je5zMlhmqavy%2Blpcj4Y6%2F%2FlZ2ZsB%2F4gJ0ShhC4t4eC05PUw8BtMDrFBErZb5dAwFLk%2B7xJkQ1vBe3kmSREXAceTV216UqiZKEVUUs9dl46BMP3QKQbL3sIrVD8S%2F221O%2FMUzuxeINC1X1ThX1qosAvGQ8a5ROSOFAXOIsty31AyiHR8E2t5qih17EM3%2FqvSKtfe%2BXdEZQEloupFO9RYo6G95P3m0NzCLEjxG8Wxx7Jwe71RMj8qUX7OS5Hr19CjOLLMZQZWSTVN4SuyCb2KpEJx8YSPW4c%2Bb4kp976fALCs%2FbEqgFhs1bwemCo3TP4EET%2BOcVM%2FFVNYDR7NgO5YIj9ky6MQAexUuJupATlxw
7.,印政府还在用被封杀4年的中国APP,41.4万,/l?e=7b9dln6%2FVf9fqYGs%2BpJhn3k8MwIWy2vk6VNlwUSU1S8hzpjfG8gPy8vWjxgpGQVfUt39pleU3Sj2m2RfyjJxf5J8Dq1n5sq4p8r7lgKI7PnucOVnGN8VaLmq5rF3JVkq6R2NqvhkaBSUYZ7PmKHnHQj0QpuHq800CePbL312BaSQrpO%2BpBof%2BEB6%2BRFpGrgfHMo28SomMtjPIjol2%2BF3FcspmDxBauF1h7mpnpCtZZq0gXHbhbz7BnebYh%2FUXqyIqraxiGSdF%2FjtUAohv0yB29NuhvWxnT0B74BW06sCwdSHTBTXUrIejbUjaX7B5%2B0ISYm2yD51GogdcfK4%2FOCpYW9fGK%2F0%2BL98rFzJkMoW7Rmqj5rCtr5sdH8ohrEQEDyqMLxHS0d5i9WR%2FwTu
8.,星动剪刀手养成日记,,/l?e=ae44N4%2F0aD0iEcINRF3nW5dxzc0yJU26W4ldx8nkWkU3G%2BFl%2FDXMEvUNHJFbpcYe4fob%2FGCk2NMrHlbZc9CXU209mZilLwKntQG3EWLM9lmbWQBis%2FpqjCLLNa0Nbf2mmb14icx7EeziGGXsulv0Sy0aYvgyV4l7d5l0WgBkoYV3y10Gb6ojm%2FtYCBHqCsLAiyMwfNVZSLUEA85sH64cax%2FDK%2F7N15YKdSL%2F%2B8Ei3Mq%2FCs0yVrHqJjweN0hiHefnP1ZErtYbTdhsT2uC8dTOB3wgsB8mEpcJBx6vo4j9PQXqMN08XvMm58DCKpI
9.,鹿晗回应喝多了,41.3万,/l?e=7985AzywsXGuzPxkkldTwGy%2FtB1VeAaOnezukmQAselT9HKI10%2BLSlyC8nWhy%2Bx50NGVwiC0o2XtGDdEtaRoUdz5pv%2FQ7iF8UCwWeo%2Fd9OvN7xZf%2F%2FwMKzgIIyXKB%2BXVARveCW5yl3DFXN78tW5AsDU5Cj14LsYwU%2Ft6Rb%2BwTVJvaRD00HyH%2Fa%2Bvr5bG6sTW1%2F33BAy%2ByXe%2FEacB10U0nk6ddUayF4F66tMMtSpSLHW%2Be%2BqSw%2FUAoou8%2BzVYHABUtcDitU1A9XLJonXqNLw
10.,蛇年春晚标识有什么寓意,综艺 411590,/l?e=6f97KjFCJ%2BI97l3o2FooaAkOn45SD8tnEiwbQU90qA7uPVf4TeJSp7GThqlW2r6eUj13YV1dzpCEtZbHPwAgzhVwEz45n23RWnTcPuzCIup0CZmkg%2FNDUvM%2FyOU3HYxWs%2F6972NGfF0cWK1fi3OA%2FwjL%2BEViCu2gospK0amsqfoXsa6%2Bd00NI9LrLJYPHVmltv6ZS2c4nz81nByx%2FqZfS5JAKhsNmS7pxuIA%2BVLnaf794iCTFZu%2Fr09E%2Ffs8xElicCGLMA%2Fd4wEzTouBSi8Ftu%2F5tkgk7%2FfPxrXJ3KgfvVSlHpkCo907%2FvvKOT0ZbAxPeLXH8Ro0YhHiwBBjuHs5yxHos8W27MT852M
11.,A股三大指数11月收红,40.9万,/l?e=11501gAsUBzCUAXHMwM1JbKW%2BwGmMXF5bY3JhwUFiCxD27R3c2YD1DoWcqehGpCLVMeEbDlddSV8lfQZ%2BwEgRfdJ0Vo%2BKCMSqNOmNT%2BHJuhaN0zSQ5Y75g%2FerVHw5URecLOsju%2BQwYH%2FtJdy2dngoGN5%2Bcbrn8A5I1Gj%2F0XZBjaWBx9DqO6n49xBxMJaAwkArOc9PiCKPHLK6rO2ywaEsWi7WgPBNCs5JcHJw%2FVMLaHP%2Frc2MsrKLBw1oge0pTfvFADNbaBTUi2Lylxh%2BQ2wNpGA7d73qOImf1HuKjA7%2FPc
12.,韩国人的精致穷,40.6万,/l?e=ef99Wgr%2B0EyGSJ35LF0GQw9J8lkBFzuBAPXU5rIz2oRdIw6DcIdJcW33Xnn2LsXHCMXDaeimiZMsnMnRJwkTCYptvYTWLEjRmSudrTStOvFe0i%2FoTAv%2F%2FVOZZA%2Bmsq8C4ewkw2j2Oe2%2FdWVLX74%2BTJeGOVcQuiI2YtMrw1mFXWPLEC%2F8HINrG8Jv%2BEiZNFrxTOeGH4S2K9uo31TLJVg4uvD4nEPPA%2FlfmkbEThjYV5C%2BeO%2BG0WbsqcMMPhfgjgVTfUEGyjYkxwm8VoqTwDc
13.,17名男女KTV聚众吸毒被一锅端,39.7万,/l?e=9d68PTLyQF08fZ6GS7gCdvl5KBkgLNuMCZIQGtddgnqBajzv7Z0xJ7a1%2BDr0lgp7WW689qr43ojdVYg7%2B6N1rG6H1aSvC6gvUBIe4AldlRHuCpsI6KL29TWfqQLLdTwf3K3JjGXlynl27iMoB0T1tq25byG9LYPlSGdlW8ZYXBmxKKR4AkwdFS834n4ac6tk7b5usCsOA9EETwVFV6C0r9fpGpIefBwygiXgMhAJ6B69MW3GM3oHbA8FqwVW7N%2FNiIGV6HH0AU2Q4f4JCnQ1krU7DgBDoxdTKEiyokyKCK3NGLf4IR%2FAyDwy4fPTuZWwCZYnhIHvzQPp9Tf7dd%2FH%2BagyxzLLhUqyLruboGejmw
14.,鹿晗好拽,37.6万,/l?e=b9b8nKVyZDRiR1SxP1WQl%2F8u%2FZb4Xoj%2FAa%2BB5iZWKa3r4yqCydgQiYdkNsOLe4DerXZCCP8jbevuOpN6%2FFTTzNJFOPK3S84fINbvIQ7zU4jdHbHfdQh0lcDCGMggfrOOnoN7jcXPoSscARMCiYs8QWrMOgyZNwquuqfR7koLoP4UZ4gW%2BTfa7cZWx2G%2FeF50nl0HXsKZfoNDnXCzSg6RQ58
15.,再见爱人4第七期视频没了,综艺 334653,/l?e=e399H1JXNRrvSIwWdnZmp3QXJxZymss5v2Avq3wqfX6QgkQ%2F3cEO0pWdYcqBI2ClbT3%2FiBXYi2MdSbfpsPlBAkmx7aE6CCXofS5HqGwybqap2w7BUOpCwoX%2B21oW%2BGCPYhUL2vS0bk5QZ34AcaJ2RHrIQ4p0%2FkzL1bwHu9w0ofthmb6M178SKrXnHZDTxJhZYPEt3OYQSPpPJ6Kmc%2BcwgxyRWlRIvS%2BtplGliR06%2BDWS4%2FAzrYiS%2Ba81%2BoUYfb3qBQPWHmGIYUWkUH7464kRi7djAqpJ7mVlROyAJCNpgweRuTNZASAAC%2Fwf%2BnpKaYAoN7D65NN7H9ydAjUHCt0oGW8ITh%2BKVhEctM9n
16.,导致胃癌的6个高危因素,33.2万,/l?e=8706KHQjlxv4XGLlCkoBeX6q1NFPJOMejJH8wqO2De%2Ftuwzt1kv9zzi0dkqY96GGgY5FyeJ9Y97ozyny34ZlSN7Cvs%2BBWD84R1LFNQvlF3aJ8UbDARyJj0bjyu8bEKOSifUtKzFxEzE1s79zrGZqgQjyNbRm0E4CasLBc14LPrkl%2BoNgTNzdeejnG0qBmH%2FXWm1Duv8OuvY3YwKqIFvy%2FGS1GQswQTL0SyUDLKHo5IoW%2Fc4gG93D4AS76V5J%2FYw%2FiqNybfJCey9NxbP%2B6XHVJgpHFAD9SJ6nNw30AGU2hVzITMpcGYBuPnhMK2vjLhmJvAYehaU4Hft0Kk0G
17.,黄雅琼回应郑思维退出国际赛场,30.2万,/l?e=1363dCwgsB8%2FKMHZ92c5AyaIiV1sVypUn2f4zhtrebXJrxjoTWfvtveQuBHIh9Ikae7%2BuJ6LFgUAPiQpg%2BMe8JfKABYwMsBCfMwkwy%2FC06shQ2v0vto%2B1Y%2F12H%2FMvDwLecCHe%2BhGlSKeY1fW796IOQ%2BIhVcP0J0kSHkiX%2BTPNDziA4V7kXfGMos1Xz%2F%2BoPgQIERabE9ua0K9E%2FZsS6PEz0hDsUhaWMNKJLfPixMtyq7tn0%2BVJ1GfJbypuQfJGMGrjnKRCOK6fGk8MBjTHH9me13%2F0N8iTAQ31cPq8S2GHLKiA7qUYWPaM%2FrtcbQ%2Fto%2F0aRFHbrXQQ8V2PBC0%2FsGEfmoroTluxujU%2B1UUmVp2WPvnEj75xweBKLOhx09pIucreXwbhfGv3be4ezCObuRfAfP2DOax%2BS4
18.,美国女子抱婴儿袭警母女都被射杀,23.6万,/l?e=e585B5yQQJLMBOCLXJskZLKHCYYEABa%2BEsXrCG0CyvAZN7Xkp74WSPti5G5%2FShdHvnAWQtIfnGSjfngEws0vnxxAPPuGbLUAkSsPSa%2BdqoQ0szPxvxRDNTHLhDKD88HnbhO49zF5Uf1OSgUmMytjLvVM2ib5uUROu8PuSzICrK4ytOG8Fl%2FllHoD5bGsLe5kx2uiAA%2Fepu5%2B%2Fdtg%2B5hWUsBL84KSL%2Fv0mcqNkpx%2BCAr%2Bv69bK5Kp6Q6LU7Ts%2B5M6VFZSCdpHUXD2TsRq6Ct4VOEJC955iQkg%2F3%2BnVvSdO1d1K7DG3R8r2gmXg0V1ytLAThtTkHZmAL6KAH8m4OmQnOwp0EY3vCK3bGV2jxb7gZfnc1iGbKvNhMqI3wsXeDzdShKDXyuBYqk%2FWojhn7W9FuHfI7zeXNjhRu6YxlGpQtXIC8FjXb0
19.,官方公布冷藏车厢内8人窒息死亡详情,23.2万,/l?e=6d16z2zX3VXz%2FTW772gUkNrw7HwHlO95UjaZ7KAu37meblz07jgzIqHugNPZLTH%2B%2FMeX3IhN3LAOYUVIm5EKUklGUJVRULr5q2aGPicmru%2BPWbKWP3PukCogoVmQFgDd4jJhj%2B6ynzPYoKCFh3UAXUH56CSDIBzLUMOmmR89sqOC8jL7MvvljdLMea1JDATp3wJKkO%2BnBfN65YE%2Bl%2BC5nMcZCx7BqYL42j04jjFIF3x7YP19rsH7CpFV9vHpi7Rpcd8frCLuJZgrgEm0uIZ8uXrEF6w47fOj827%2B3IS9X%2FJ2UB2AAIp7Ys%2BOg%2BPqWaIkeUXDUhPKbLfLPNMkZWrpi1TSxwW80xbeSqiTsmaE3rE4N%2BI5yz%2FcBPLgB7XJ4o3%2BDQbJYaYHiIsGqCzxbQGSCC8%2F%2BByU1i9RkvUTZA9h%2Bsy1fZ0K20CLIOi9tqVi4zZs68WNiGxT
20.,蛇年春晚看九命相柳,晚会 229738,/l?e=1dabL%2B46VH8OIXGzIGmSMNMayWt81gVRit3zPc%2FXIV%2BNeUyODuwlQNIACkG94odL9FGAAy%2BCnZbRnpF4PDQmPbVQpnJYa2umA%2Fd3gK7n%2BF%2FMxdrlqSbjajAJKScvx%2FsonuDqdbn2fpCtDSA4WzTrTxS4MB2BbnWMMnEg6CV6%2B77T0dQoFui3IVdyo83D2aMNoBz%2BBw4v3vdD0mjaDbLb5P19dBha53h1vS2sAy%2F6xF1WHTD0EQsxSxsCQhTzJZgYNGe19JUS4767B9Q4YwZPVm0H291wyFaJmjB4VD4yFZQRb0LTbMD3%2FQSPy%2BI
21.,张婧仪眉骨阴影,22.3万,/l?e=7e5cK9sfyeG9Sh0gu7wqOZtxvQ1cp9tqg0EtMee1ufBhODR9lLW0Xb%2FLhAV2o25F5zNK9ekgynLAWiTBjl97woRxRJE%2F6UdWniCeGZSTt7g1%2BN1AKe6a4AcNTJpxvonPoXbQEmxpm8JnC%2BQ8EbgaSQlKe4Ej5yEL9LDsIOs51X%2Bkyx7suEbUfzXmsApRCnB2jArPi%2BNT%2FITcf5pU3aeVsxz3vdnjynEsl37DzHy73k8UXSc1f%2BmUQmVOk4nZteEQaoHomtQ1pIH03Eite1I
22.,打游戏一直稳是什么体验,22.1万,/l?e=9d630fcDcADoPI4xbInaT1KCX5U56kvMETC1m6zfC3zlUnJYiJrGfj4WGmSCCwWxkhrwp7PgRANQ3gXy64jUkj44KBLn3oI6SfYZYb4cLl3sl%2B%2FGz9HfyRDFhOE%2Bs0nE2g58Au1kvVF5zUGScS2e4Qa1IKPL5P3RfhwRS%2FUZRYBQ6RyO3ej9kc0tu8Z4misz8t9qFW0ql0c8%2FN8NTEDso6ifM9%2BOffclD9Cy%2Fo%2FcGqEV%2FfFX2amxjSvU%2B7iXwD09%2B2JI9f%2FOgBem2mFgGfDIbOVdFhRRH%2BUoaQrBvh1sNKOnGRV2Ov29v%2F4NFZ5Jyqc53qxtxhQXRI9FeCh7sdC02WCN%2FNnQ5WcPcUs
23.,中国游客在马尔代夫潜水遭鲨鱼咬头,21.5万,/l?e=de0crHBhc%2FhO%2B2pGMx%2FfHGntDrAVF9A2ERJsQ9TxwpME3G4HCIcaZ46BpQQowQSUzetUxWqxQiUSTbDqtwevsgMlOeJd75%2FzncQ9l9RDr%2FIB7JU3guL9l0Kju4FFvK%2BUFfbQO%2B3jvus4NEV9f58WoOyWLHySviBW7jWp2VpDnbcZh3a1%2FEbKuNIo1vlp7yLrHIBFaYsMqkQt6DVntkcSjbFFzujXGBKg46c5BvCWD4DIINAIDNQaXpBw6OFGo2ku%2BipJG1wmt8pv%2BKwhjYngd3MvSbbpeH6bu7wfq7pVKM1etAH%2FpuFXWkrBfGyHtZ7QTNI7xoVcXEAjUaA9e%2BpYJCxBQ7BdEit%2FE6kj7sNb2DVxT9cdf%2FPoCoLRHzLdZFFScDAax0j%2B0Ag6puizNeogTAyEDdj8U3XAXdjcx4PJy67td3I5Wju2l3FyqVYre787AQxvnI0
24.,周密把周芯竹买话筒的钱转给她了,20.9万,/l?e=a520fuISOi4onx4%2Fsti%2FNb0WIZT7xkwMr9FTcKkAaBCkJ9y95IqSyeE4rwsJuQ1Og%2BHpq0XvObydQPtiJEHHW%2B2DCrvFAunzVmyXA79rt%2FlT5jgiBLl3ApgRAjdEJPZtCXfrchh8C6CdtoxaSKpmlxp1afu2fkkM5XapwU%2B9RTmjC2ngi0Gx0QIBZs8rP40tV3%2Fa2mvGJhCjJbU2OgrqkVibD%2BK2m%2B05j6NVPbL1I9ugFwKcMiAl%2BXKDq6BzivdXQ%2Fz9xHk7V4XEze7EVPdczXdh4neykQUoDjUoym1%2BaTiYc2t98t7nwjvKQ%2F82uG3R1GLlZxokbjOmakBbv5QMiKEt5dMLS19PfHRDZxJzQfr46b1lkMIlq5RoZSEn3x69KJZpv%2B%2BD%2FhikNTALwequ%2BHbJ80EZSJAA3BkimlgbFyMJme1gVUI
25.,冯绍峰接想想放学回家,20.8万,/l?e=f8a7%2FDCyI4%2BR5%2FvxN3zZL2gGHwDYdvv1n84GI8gkVZzgWXPyhR2c3zN%2FR3VhSOYWvUzb2aSM6igGPC6zo1ZqdBywt%2FcCcuzMNU9PAEuaE9y78fNEOo3IbltRiQxBZvlBODzJDE5loMOZR1wygVHuk9TaOV8ixIVyX1eDTXPMpZE%2FDaQRo1eH6pPHheyMYvg9fvQRO4ZXcCl8VtJWqMHLWCYLooQcv0OSYfx37UMpf9rsmMMJmZR5YIsE1i%2BaCRqRe%2FXSG5k%2BTu%2Fs64EudpqBte5Y85zKbqePDen%2BtzUVVxErO05A0bKeu9opONMOboc4uibVGurveZByngQ
26.,林一长沙活动取消,20.1万,/l?e=3721rKDvIxPzPlNXinhU8qFmvWgrZeFQNQ%2BfjOIovTJDr4ad1NVHFPTXYh3RIYQuveMYYegKBWnYLBdHGRXhK%2BaWk5vEgBWP8wHPx2%2FAlfuwX%2FJWlOh6EfCg45gaNrL4sR973V2HPbaX%2BEuvvlWZF6y7RGyw%2FxieW5lAq3YL7iVGpL5My428UDQXIzBD3YZsqPXzvHkiPaMkmUk4HYIi7OINm2fD3FLMIv8JE6VdnmOyiFZnDx20dKp7Leg1deokb0fLqIdcVcpIvsNG%2BvIWxdGuWGoGbg16A%2FJg0kI
27.,郑思维回复樊振东祝你我都一樊风顺,19.6万,/l?e=b388vspJkiMpj%2FSefkNC9cWMjy%2FVuyLFmktdrQooZnEY5nwNf9A7pA54kI%2BCSyhiFDpN49YxKmdhdbiNpEPEwV5UABlBpjKRokeZ65lHkJIF2yyFd%2FToJBmXmE%2FvusDUf3HDucLAbllWKdLOGzXMquaDhiYlI6PnGzOmag0TanfPqqyOMtY40FrdypW4GB5IeUDEwVTOwL23iCaczm9zq0r41KX2rJcE%2Fcqk9AtaASNKR3q%2Fp3jqhT2Maa1FYq5bDmmYcupockzY8dNyDgWO%2BHMQ5bV7W6%2FEte7GKa4Jvg4HtelYwLoKw7SLlKwHmhWz8lxRW93VY3DH1TgK4AaMqX8MQjHDlsyFEEnpzcRmZ3YqG0%2FSSFXCLTIN%2BzEs1tSLT3j0HkxrFOmoiHrGCMyN8LUs5tkCzbg7zwPjJEyi%2F2Ky8ECTYKQ3u7R7Aekeu52PVXu48O0
28.,安以轩老公被判处13年有期徒刑,19.3万,/l?e=fbf1Ri2603ChbYjx1wwWiv1swGQyrsK4WIDhQocwE%2FLZUEGhjRMMsQ9aZ7RvEKBmD%2BXEJwGuHdUlOPPVXqaYdWeImXf73bsggJBJy4BtVAgmSlmja%2BrrJKI3Y3iLgTNo%2FfL7MdVSBRWW%2BNGUM9PLAP4itkIvmQLpYB73OsbCvIXeTPfW1bWCQQv2LMN3Z6o%2Bjt9gE2JgCCa4DDrx7W%2BwAOMoF%2BYO1QtUpoJQsS1R3CJq2FC51%2BjQSVrveEbBgjpgh1jyqEgKFZ9eLvtxAFSfxCTp5V0HiBvsiryUGMWuQuWgSpsH%2FOvWX8aKMaKzAcwtmCvHetOYa9vyn7TPNqAjKd3CwXI3M5jC%2B5zsOic%2BHwRGSKlseYxAxLHi3sAMDaCiYy7pMgfJG5mtBA
29.,女子在中医诊所遭性侵医生被刑拘,18.8万,/l?e=4959KEretB3yWnOS830LXrvQFbhSiLy0wkJGOxAWSpclEG4FrbmllVjuULWdslzw23QRVhmeLeuzJb%2F9%2Blam4qZYraXJbNQFLq0tusM7%2Fed1eJXTcOC4MnJl1kUCTsSVcTcevAONAsSoUX4u6aQmsusAut50ifJyimmK%2B3JlzkjHiyN%2ByIu56iBzOD0iUTiHbmw78i9doRgrInVeEqL4Urjay3EyWdnXXInEiPCFFNXGI2YalVBid%2Bm4rhDY%2BY2AOjlRuFDDMDeUX06w7AovclVPqTYro27%2BtgbuWRHj3I8Q%2F78eqvHdU54Z8A8h2lHzsFoypAHoL5I8sXVsarVH17JU7uR%2BbAiHrT1qo%2B9YmCyIk9GXwWAdaDo8hdkiRK4VbsMKwApNoDttDIyJ2T%2BanK%2BSsmhALT%2B633ieXKEm3w%2Fa3gPU2MM
30.,蛇年春晚官宣,晚会 175129,/l?e=d53ahxsx7GAvf68KcTQnBK9aerLk9xo%2FC%2F11lUY7EBTsucfmRaZbCHoKZm1IrzkBGqMFeLmU58eI%2BlhwTK6ddKAxkgl0hXTQR8y%2BQiaWBVl49fJnxkarp%2FjVFmvCP%2BUIiq9SgzWh9joYbNsYWO%2FmMle%2FWcsT9%2FBejF9XWYWdn8NrLkg6OM8Cfsjh8Mvsq8MXflZCBhpWupfRfE9augvF%2FmOEUFOfGvANyflUPy11b0xKQlHtVclVG31IV8OMVUw
31.,郑思维说我在杭州等你,17.4万,/l?e=af3fNk659yf%2F%2FOOUYBm5hIDoKCM9HiCsuE1dRHD9MrhGaBlTqp6I0VJ%2BHOhDhzHvWk9wWgFzxCrdsBCuW6Cexnqwk%2BS8wQFrfeUz7B2KtBG7HenCLsC1c5tR2ydo3kI8JOXP0tvLu5JATTP2MBteBUi%2B3JwlytLNhIDd2mh1wupoHQCii6%2BaN08t6dzOHt2%2FRDpkDmp6cTHg0EBLUQsjchWJidBeEjbee9o2GK7xfT6be7NpDRewYGgSzEOuRkhMZPByaLdEzpovgb2IXWPWQm5NQ0gpXzmhb0bUy0mlvR1lH%2BJpqsOKzZA81y%2BvTVIZzk0y8v9k3ckGJHg
32.,王源头像P了个新帽子,17.3万,/l?e=40ac0TNqlscWJpp%2Bki5l9yHUj49VBlM4n8mkXcMPOpLDpacvNuTrg8oqLaJjDlWjh1is9aKbaYL0E5EXItFuxd5ITdCLLERvlc%2Bt7FkkFPkXf8UN0P4zEPMRMFlMrFIH2l0bYZw6oxNjqZlJLP0NBZvpbu3CW5piga396kdLXoheFGpJLYO0skqpuuRrlab%2FAcRXUJbhRuLisN9DFGvbrqMFJWRchN9A8sZx7krDCSsZj9W%2B%2BCAUT%2BDejVcwBE4CNOg%2Fx7pXMPLV6o%2B2eDl%2FeeodKW83a1IdcqznEATrUuLJG0Ci75CiBUBCg010
33.,为什么刑侦剧多在东北拍,16.9万,/l?e=5caeeLjTLVnDvpX6W0s7%2Bih7hXM%2FjwN%2BoNaMqRSb31m8BDefs1SmtqdnmnolOb4F9%2FRRLy034HO6IUswpAWYOeSPVSWFBG9UgnKSIOAm0yhKAUc9K60svNtIZKaELBVhMyBjRYGP%2F6FtsYpW4M9UmrZcEQQuPtyflFGuFczoDyRcBwf6NwDbmcDZ3b53HQnMfXSEQIt%2FatZbHbq4YYU8QAnMMKAon0p9SISkYjOJD0Y2L4PTHYRh3qakh0ESrGslpew6z3gbyrQwQ6KonBhjdu2JIjXsuWWLVoSfRxeMnqXkCP32re%2Bxh7k8eKBJu%2BXzQyZzUtC5pB0JYMWb%2B5Li6PD15vHt0SMLevc
34.,iQOONeo10双芯战神,16.8万,/l?e=1f3dNyzRP5laHmyabikHzd71e0vooG0f0hMsJJUgZSOyCV8n4yIsw4%2Bwh5o3o7XT5RlkBeUDylXDnmAhxMVJ5wNtGCNzhH2sFuWGVDRqFjJDosw43Bms4GawFz35g3YwhA0O0zzXZO%2FiLO4aXKAVc8%2BbXt3JWTQLXgNXFR09flVJHHJwpyYQCZLGNrowmZBz6K2qOqkwECuzwi7B4tAE6D0jcHUD%2FaHJhbM
35.,辅警因为一次好奇9年后救了一条命,16.8万,/l?e=d3d23PEm0XKxG%2BUkteJtWbEaZ1yCRCfOlP0sKXrxTppHkyO53MD5pzCa0NMi8c50%2BEueADIYrBh2UFVbtSgS05QllnegMFBGv46WQn%2FtzDEnq4n52ZhYRcERGEQ8QE5aPCRZzWD904heeFhu9%2F91MHq2KS8RST0c6Gn6eLQ3XtBVpNA%2FVNYNxAmrDOHdk41ew34LYdjyZ2m0Xqv8Xljv6oyGjTJGCoz8SgABwkmb89e5VFCbeOxKBlqvlHZflC4FtoxKIZv3rwyPEnXGkgIwxyRo4QFK6DSMDSLtWS%2BbM1ACRt9dvI79Nkx3LQwyPjivcjA5eQT5HIoLlaT1N59ntMGMPWzCvY8OP%2ByQAJ5%2FGqEaUl5D%2Bi%2FCU97WggS%2FOkZsicy4Eqox5lk01ai5VBbb3RCuul%2FW8kytFZd9XqT3%2FAC8SqQGSpS7
36.,年轻人买的水果半数是情感商品,14.2万,/l?e=3ceeSb2VkLDQ6M5bSn881W%2BFyGIgOO0q4Ss2yOCDfC3bHqMEMXbUX2PYeKMgtSnPnc8HGl3Fr1CVqOBeek7ixqjC%2BVvnZiCU%2BI7Cx6PG6Gd514SZnZbLKnhjRRA33qibA0KBcSeGembVvCtsbdC%2B5qsn%2B9FwPlXFwx2a4chayNm7dwU7wGF0fYqoEVkkVbAuA60WHPJpwB0S5ZZFlZ%2FmqG8TfyOhD%2BsI%2BbXycdzYbBpHYVmTkJky4W6YX9uVwJk8AQBVYb2QQpaWHwJVRpZkOJZo%2BjTO0b6jd0%2Bh4bEv1vgAKLgrpsvSwITlCqj%2FeTemLPT7KhiEgj91qRVH5CdCvW%2BW%2FET5loeBhxmyGwhNNSs7dYlR%2BNzu5%2B%2BhxhCk49s2RJdH%2BI3E2sHSjYakQC0EZY6U8X52HcU
37.,周翊然周放一搭嫂弟二搭姑侄,14.2万,/l?e=acda2gwcYoUgeDK0Sr6LzSniVKiut1hwwDpGuD4CCFLOf8mC%2FpC0ZILHnAhAm5NL5VjlkZdLg6B9wzH9JFAURTP16SigzZsv7g81XDOW3fv%2B%2FMN%2B7oZSWh1HyFSNpbIMbSM5JIqUxgow0iwJRTEVOaHj2QsSZcs%2BazgfQ8CW%2Bhff974DdPaLjbSQT3A1GpLZ1H1hsXZzisdYA2U%2BxVmtZG61ohyESYZ24Fuvzb%2BmK78pzKVil4nnIhmz1ym9UUjU6zaZG7AjGtThmibX7PrDRPtEWV6ARiqrVqZxETlpDnY62om8SQDolCxTxZ4dLRcPesdgt0QixodkArxJrI6WktsAlyPD5GIVLK3iu%2Fl6BnR6suZwxQYRt06aemdAHGGel%2F7eCqvbJzE
38.,优衣库客服已读不回,13.8万,/l?e=add5wxq6ePY0vyFKyRFq6hK2JdS88YzSzw8gTh%2FuzUHvkzg2XXPbfHBn7w9bNhWAUi9Vd49AIoIeHPNj%2FoNBSP%2FDM2uOs%2FYwMfR68Gh%2Bnw%2BqizIZtOs%2BlLVV9JNlpWBC7KDSCkCUruWUlC8%2BzC6wZWO5Gvh6APOLAnjw4TBmnXgQwsWPyEtvl4ZlgWtLdR4829aONx5CCCORcKm5C4Bq07vbnQe%2BmFqMEqGyTan%2FK98hCrYsegEsCtWGwXuk78DufiaQ1jEjsrJEKhQjlVJDp%2BTl3CWmIQiiRUzRGGfn5XFSV%2F1N31qF32RkFVQ
39.,国产剧奇葩婆婆又出新款了,剧集 133301,/l?e=47ae19otstPGOWvEDoCyuk%2FYtMZxHIRSkFZ55g0SJmg%2BBUyZ%2F4EAIVa3pnNMtaI3YOrMMiX1SMbvFBUwsLYpY1WO9DbwAuw6%2FUKATWZrbDbvlKOMoRv99DxPrbEwwgKKD5cGM1vCKLWKdI37GVdHoC2%2F0biOaozARRSQAfeRPc98Zehp6%2FGBq5F0DyS2H3YM9fsMS3ezyrQLrW7PgsxRWJOA0o%2Bh8sQLMPwMajzRJ0i%2BHAG97A6CicfWe5l9G5EbQ88bl2bPPa8D3JqHFJT%2BxyEHakFKcPBq4S%2FhjDJ9HveuTVVFpCqTV8v0za2RNCsH3K5O4iwiS09crFGi3dIDRhWEG40f8SdSOw7f%2FPYco43JqBuwytu%2BWCs
40.,丁禹兮看人深情是因为六百度近视,综艺 132684,/l?e=2c0echUMDPk0TKQCGYGEkQ61DGqxzd1xlZXoT2IU0euyLLUDa1RbH%2B1ZSdKe57OtwsnP5LiKpHBor5gvRfzhyUQtuPblLIyQT8z%2Fx5P0O%2FbUPm2IJWjJipiKdvq104O1cdDkT12F7xznbHgfCTdZ4NiTLo1R5YOAHM16m7%2BMPF7hEYpAT0YLODEa5M1l%2BkXp%2BSVi8gmpd%2Fsei875MxvTYiQ2%2BEvHdXxNvubOS5tWDVl6KowxcHJigC6M1I3ATP8Ccjykh2gcl%2Fpi4%2FThrvLHgm4B%2BfW7UQo6uNa2f50pWASHEN7lpthNvSixdd7IIJGzSEVHt%2F%2FDAADMctcIm%2FCyJpvkA7KveGkFJ%2Fbq3JEFCwzDzyU7NfTRXUrSbbpA74Thd1saUss3icrkK1eQUohSSzRTJYjFCk1vUZkz7hEkhEjQqCd8JYI
41.,樊振东对郑思维说风正一帆悬,13.1万,/l?e=59fc4DcGN2aWQSPbJJN3%2FZB6yuTSQJgn5SjSC1BgcDjRfx5wwunWeeA3V4rvRVT2CVOpfuaPHmuLZ5EXnAO%2BFagzy8pT29rnfPTSrNTGT81UsokmJZv8p%2FK%2B9CWjp0HVf1Q0YSj7I2se75j9aWuIeUSpuubMq9zmRO1e7iZBIVJv%2B5ugMkEpkxVv4t0EsahORsBcutZBg7jTTm%2FPsuA3ZipIZ38spJdy%2Bx%2BD5KwxWiVkoujoK5dDvUlIkpOTUdV7DyICXHtO16pWsBgPrvDGoXIZFIC5IhP0DUWQgyAM%2FhE9k%2Br%2Bs1urQaFJbBvWYySzPg7deSwxsDnZEIBmhHjG%2F%2FVx4JILmp%2FOYptHcXO2ogUGzOtNMIBhdkyeiIOHIx5QjGRI4MFx9fQ
42.,TES官宣Meiko离队,12.9万,/l?e=50f6wR610NunigdGUOBs5S7r3%2BrS1QxE5aEVlervJrvngbYwxH2ID2oT6aJa%2B6JflwwXpQA8ng9t8mRkCpJ045v4reV7RnkWWouOZabz83XikL1Zv5EumACe4%2FXhlj%2BIMemq2kJweSEiPvzomCMYxHsjfY0QQRK9UT%2FSBdrPh7gK6VDKQDX3rMXy9T%2FQgDz7fLRQ9jTw8RFWNYxGbqSFssGGNX2eU2zbxw
43.,王楠女儿落选国乒少年集训队,12.7万,/l?e=223dbgtYh7VA4rXUYjZ2Brzqnm09IlLs1pI9hXP6IJuePOTx8wE2HL6dmsX8F8xpFOMumIABXEapHcf9HP8iDMzqaeQvPONYhFFbEQh48w2UoAnABLewUsw5SBUPIOMbtJVrp28rsojy3yn4YkqqnH3jPDgHPa0%2BEZx1hYz1K%2BxlYpGPzGzoGi4jBobO8Y3pRTS%2F3VaRcLmVb1TUJgJ%2BpDho7UeRkhjQQVL2PtoVncLkMx8IusoTW%2Fjlzli1sXqLdUEEP9NTRu8S2560uKGTrN9sUMzcaFJ7dXvodvzgjRNzRkx8ELyDKdDorQ5mGNL2IIWaUEcLR0YfpuEKLrdGRu%2Fi38DMuSG38HAIvVCKEWcum7O7Pzbi4gLAxoV41Yd1RAeBkxwn0Ac
44.,优衣库在华业绩下滑,12.6万,/l?e=863bh6vrNUhgkqjX43Fy5ayiAlxofwtTTnAE4VuL5kx3J6%2FubEA0ghkj4uzi23l1joZzCYCmq0dNLvJpWFhTn7qC5Gmn3%2FXP3OXeldSQYb5PdqNdYIEo4qgXWyVkV%2BFg7K2yC2lx5vNywhd01hiFHPeyL1q6iu5nzhDprIOPQBMTnjQMvOADx7MmgjQC%2BH1mMOF7SRkW%2FyxnuDHVYGtPgUmS9fveTSdTGA68O3lWjmD39JedVOqxJKA6g6f02ZHKIIGryxW9RDOChryuPRWgQe%2Fqs1GmOeWPqh8L1JpfOorc%2BZrEgP%2FhRaP1c00
45.,侵华日军日记曝光南京大屠杀新证,12.6万,/l?e=9b7dsLQAH1u1OO5PZ5WgK4mh7vW3DjaLs5A9A%2BtpP%2BVB4jxexhJrlyFoqv3CmYzRJkoXJcyFBHNzCUU5NwcDLXWMcx8uTLm46JDiZWuw4swSHyRKsthhcp%2FSj7GhurmQ9SOv0whQjt5Spu4xmWtzY5ku9j1ZVlXoSVjtns6%2Bn9UVEMVfEkQAiXsmhiDrXKVpg6CYjgs%2BvioUb5pqbXkHfWh9f8wxbI%2ByDdYec%2FED6Dg0jKP0yJIYpwktVrkWB%2FYKWlXcfkulgDyMkFOvRpF8CIG2h7Pj%2F1RW%2BbfmpLarU886kCo3sAK0CRO44ug7i9exXqsGaPi0JD6g7PF1BjN80kIWZiOw7LphhWjKW0yevH6z18iXy1bKltS9xeT27tAL7Dod%2FCV2BmR56NT%2Fr%2FLbsD6WQMwOUYiJpp2sJIWShfQU6Ib6sxw
46.,奥斯卡宁荣荣 新还珠格格,剧集 123615,/l?e=54eaqToJAxke%2BMvvPxAlq%2B%2BOKqXCP2k10EhArGgHUc2HYrLNK%2B4pcxkWPmA8A9SoLH1MZ8k0tHhhxYe%2Bsc%2FZCYw%2BQemRckqkUVT7fh3Ad6o9xYj4kiiJ1ufA3XA7X%2BkIjs%2BCLnGgu1LNqMLRmJkVOg5NRxcNA7xQKqGVob2PyuC7X3a9idpHC7lkEdsVS5hA32G79%2FxXsfXLr1wOF20tRBanmw7n7w3rGL235AXPFKOKwgsI8vV6q5ZGqMxiFymXRl92aPXW21UAiclRy9CpPC7dRqOomQeB3GMQCq0ZdzWGu4y7WLy1en4yOes9u8ntawBOv0dvQ5ct6tR4mgosnzNVPSUODRrwaOjeEJY
47.,你家的筷子多久没换了,12.0万,/l?e=0b12Qn2GJ4DOeYNg7ZEq9cpWQ%2BIvxo%2BEwMyOZbqts6VzFJqx6I2Zf%2Bith2NjprPevvsRKEhIjDkhnKX6mZZEkXKXqZKUFM9w5oDOfyO2cY%2FNsEUVr1XiiHoSzkGUM1KifvfthBPyjyPeKI0F5VDFIEL8HUaYbWfIXFMOyEVQfsjdYbPVX%2BL6INlszE6RoBzdzZcstIzxHy98xKA02c%2BD8LhMfQ2%2BO%2BA5qrmeu6HxZH%2BnZTyM4yXqu7QN8CaIAFabYx%2Bh5lTBZmX2DxyDPNNvZHzDJWz7xEhCqALwYnjxo8NouZI2TAineR9Rvzc8XRy4MpepirQhRkamVLI
48.,珠海户籍居民可一周去一次澳门,11.8万,/l?e=f9c4I6F0t1PB2DoLFRoC7R41Im9zfKpuP%2BkMAJreI7VxyBPIIu3ZOdvbUTf4owIvPJ2jTdEvs%2BHTTsOxzF%2FVrSO3df%2BqLgqp%2BVk%2B4NnEf1JWq2QJ4R8g9A2X9t%2F8CWRh5Ljl8nRSN9gyjhbQmHMCQKvGQH2zkBKDgo69v%2BE6quLfJ1w%2BRakwa0XJI6s%2BbUNEu5yx1NRpltC3HsMe5xKBR7dbfq%2FTBH2PQKxRcIvTm5TjkE5F3wO6AKTdFZgYi1F8JjQfXOh%2FhVG1oL5k7di%2B9NpGp0%2B3TSvuSVzTa9QH1MfiqiNW3Zrrw8egP0L4C2V7RVdvSCgjKX%2FLEr0jzMrAlaeetZ3xp6%2BOxgI3IW7F88PXFR7O3%2F%2BYWRG36DtyV8CoWsdidtZn3MC1JIfRlYx7F6Sfy52XAPI
49.,杨子黄圣依 人设,综艺 110717,/l?e=beb1efl%2FErjM6AANGEpflNEFI3ZWojNwEJFYKGXvRD38TdZmZrM%2BgxtBuTBGS0zstz6cx7ZOKFKVRbB8bDMA3scd3uJ5XxawQwGDtF%2BxHoEYUDNzEEqL5lZNOdPa6HMqNqSMEPkququMJluudAjP%2BVP8NHbGNPZPWGLIVIIlRuO9xu9558JPpDffwHokJQ2%2BwIFmsd2aYWilrtvlEghhn2LbT6j1rk9CE0jbjdYrvWY5o2g%2BseayPuLuDoLQRjwEBEKDX0FPUAHL%2F%2FGwGYE%2Bc%2F0
50.,澳网亚太区外卡赛,11.0万,/l?e=e1aaiBGxhv3VZB%2BCUhpN8PNt4bhJsYnwU7TCrFA79VH%2B0Wjt5eK7e2mLTwnln6LEH1t%2B%2BQfCCWnWcDHEBg1SSaupjGU8te%2FO4EfiqyXRCgvjYwN3p68J9LP5BWMH7CdQJMYF5dz1A4yGkDvJxStoAWKqf5eZfl30q6ncCI3mnG09TZJJu%2F3dtMjfP4rkU1uqKjEz7IFzfJ3dsEhzC0Y9fYmIcj8dPhvAmyF91GD4PwDtoet%2BgqPirAux8Wy0%2Buj6fgDr8tl8DmdOtzW2q03vEpz5%2BHrdV9dlQibGxuU
51.,儿媳控告公婆未经允许在客厅安监控,10.9万,/l?e=ccbd4sFP5N%2FLq%2BMUGedoSozNLc1N7vMnVqX0Fal16LF0X%2FJGNhrI0xK6H0y1sDjDNxZLj5xBXbJV3vIeGhXrsCqgh7KeJPLzi5yh6T610bTeWHef1dyquu%2FNVn6QuFIWHz0YHU8an5Jt9n%2Bk1DVHTZBJamHpYyCCYjs8eBq3Aelzl%2FM5kJU6a6%2FzB8ZjFK2KfLNqvmdYoS6eIiRptH52x4076QCLKGlXlFSVUZrrD0WCHtZHauCb%2Frd4CssqO2J6M859C40ipfElPN1z1CHklJBtBRwkjUfE9wYqPcX4%2FujXva9ZZx5s3cizGCK3jDK1JpfsJWBueW%2F%2FsDBy44%2BAatuT3FDWRZC7u6yFyadkMEMJkS19owz943H4zZWFIeKCxjdTOhACoHgizEEhol3A%2BnKIAwYSjRYlWMs%2Fs%2F7d2uHjTHRMxXMofS2MTyS1UQPBZ9P9Htk
52.,侵华日军日记描述南京尸体如山,10.9万,/l?e=898bgpEM4NS9MtW6GcKlXD556uJU4%2F3rZmv%2B1m%2BNlWP66UPCAkxS7Kv5I7jpu1Ib64B7SSLKULV%2BnIWwFmmyHk11LVwEZwGMUc3BiJ7Y9DWLYFObfIS1PT4LoEfx9MmZzWfV%2FIp3gFbh5X7Rm7Wc2vegEYK7tQPgwaUTE4fDvnXe7O1Ie9HDjGjN1MMCY%2BziPJGC5kh3V%2BFANpgRe4OCxOGpgxtvAupBHExDFm3xF1r29yhFOgTOT7OAkhHUxsShzwD18lQ80GTdjOiUSCZhkFHTm891UzTP%2Fy5HLltCDp79SYfSAQI%2Fp4RaaNkBEMLXrtD0CVjE4k0kjnpiJr%2BDG81U71x8IHVyJslkT9QsHkJJxc%2BPcssCd%2Fp3Syqa2ahRx4veqVd%2BcJ%2BX23Xx8w9TVmuaX1O4n%2F0
2024-11-29,蛇年春晚看九命相柳,晚会 229738,/l?e=d209vQDJgd5mEkkEfPHirogxD938wWpUonuXOR9PYaMFha%2BoF4rQnWSHkaMZgYfe%2BizrvMlJ879dzGKQbk8gbDH6HlytGnRzkfLZIiMFG2sJbkhwrDSRdBiANUuYjUZ7Q7PXfNYtoJFu5uzXhUQy8opRZ7CEa4Is2UeHpQTLtG0TJ0jLwrCWR0JzPlMWmJEQr0g8QSvpZryr1eyrS1A952TBwo%2BKO%2F0h3M8uBx%2FPpuOtT2VaHLTrsVnE06GC4S0s8JC3liLZectz3csHuDSucMLaIPxrpD3H%2Fae74NBa6L0GYoOWhw1lFQ0VolU
2024-11-29,张婧仪眉骨阴影,22.3万,/l?e=1aa1WPQkDB2GgayUqEiOFKpVMC5OpdIaOtWb8QEDeQcCChhiZWUnvWxixUYiosz8mAoOLe7lqKIIF%2BOpUrLQ3%2BauEarjhKf6m%2Fo6UaapYZxw7wdpzUFnCUNg1zpnMBWNPOLSw%2BCUXEY5B%2BgbO6Fqkjk8YwoJHheWrTab44YKJ10qcEZ1s3gT0G1LglIlo8u1vRWStnv%2FNvFmulmI1unOe%2F1CerDNhSMfU6YJvWHIBKJfM7%2FtT18aDUlRtfWhDmrdVfQZvZodWNtVtyMbEiA
2024-11-29,郑思维回复樊振东祝你我都一樊风顺,19.6万,/l?e=a14d44Fu5ytQLzhfoBKb5kanK3jNRUuiVHbt2e%2F70xB53XO%2Fl7CxR%2B0gkH98CwSs3s%2BzRIWbUbQv6gmjJxy0JFjKqwMjwSu6Sw75Fg2vaEXQQlD3zy4OpPw01aCDAYXL%2BKXeRH7z6dsPAHR1mhIGf8m9Ai4nkC8St3FXOh9wIPqKUlIdxAmc87uwalx5pw%2Bc0DfvafoYBnUuyNkfZFNbbQatsf1h3174OoHGngKiHQrRuJBGN42vxfllqnpuJJToqhIMn6mNlmOKzad1fmw0MKZEpyxnHMOrCd9rlpoBgmCjXwGTKm2HYTmM49ShMVlzdJPpje2NSu2J76wQVfdojm8k3lFg%2Bx22maOjWRm2ikGGEl2JZYQfhuLTx6n5h2wAvXk262Ee4EuyPtG%2BGCRi2Cmvii3ZrXR5EPvOo1mdfKHiCs6%2B1f3mhJ%2BGuS2xSpQG%2Fm%2FF%2FPc
2024-11-29,安以轩老公被判处13年有期徒刑,19.3万,/l?e=c0a2MISq%2BhoUxdiFVrpu99%2BMBKwOdofvHH9b3fUTs9cYnbW7QUKL3rtqgVQ5tJ%2FX5VYQEOYgjAakP6GTYOxsLNRumzPW6Zc9uV5ljFf3I0w3MB2%2Bwmi%2BXWdS2UuJT7qnW%2BGC1knZzfuL8q79mtnclrPVfIcuTgdcs9KTvtXAuD2guF9yl0SHFGhebkrJZr%2BtofR9iZof1UwE2BhWYoRJZHUuy2aEsn9FSrW%2FHNg40L9RP2SlvlMHpN9Um7sucPxPcJIk6VxNgsRGm0lNEI0H2GISyaYXpDeT2wuCjcKbK3isFtp8m8xET%2F5ClqORcCfEd3lmgrwG4rY6j6rfjkRrkM0mx%2Fu4nhep6eQiBD2BoVCfbyHnsx%2Budr6yXl3BE6CK76TYSYODxqI1lQ
2024-11-29,iQOONeo10双芯战神,16.8万,/l?e=f7db%2F5JYO1sr2IsO9ZvY8Oz6wLY%2BSK5U%2FzuOtgcuKWlJXIwkT2LMu8VFv4ejCLBfo3ehM%2Bk1eta%2FTIlanUB%2F0uV1zdu3CXbXtb2qUbEwDZ2z9M0Pq3j2ndmzDMLWrUvwSwTX2KzptvbGUG31qyZmKx%2F2cXmzlfiw2%2BqlVez%2B2nHY03CKkvicYkXTES4XlrVp8qIu%2BCcwcbxvVnrc%2BrPBa6mD1KGVFG7M8QY
2024-11-29,周翊然周放一搭嫂弟二搭姑侄,14.2万,/l?e=2650VcNdyEJKufbJWI33eBneWu%2BMeXyhHRSf1F0T%2BAZFcyV2HjDP8pHJ0njLxdIRuUYKKy85PpdEMh9G1RpuDtwvwujFOvuVp00RyjMhNqrEQY4VyVog6b%2BNVToXZXFWdQoITgSEjjY6P%2FM%2FocX51VbPbMm0QhrKkvqCQsVS9pHz5euDv%2FOhTANIWdZr31uUOhE4Q9gdOK7XRpL%2BxIOQ7fgp6ujb4X8vdz%2Bpe98DgeZHMND6redOdhrEtExRCNi1k6OQqqm06K7O9XAVU8KnL9LeIurIZ4i1hbf%2BPN5uymoySH75xJq1YSqpvbLuZz9I0BPecmDMUrzr%2FtrqRtp8EM3Afyxwa%2FpKjCUCPOiUexecTEfXKG%2BrHgx6A7Y6grNFit1WPVWbM7A
2024-11-29,优衣库客服已读不回,13.8万,/l?e=0383Rvv3OHVtbO8l2UOplN%2BK%2BDkMgZTyc5WrZxwbcYCxS%2BWsKBzfATpDePZT0S3rTlki5ze7fijoo9r09r5XtWXAxeR1CcWvyyFNaIfVk48mMa2MEn6Jxug4uVLRbBY4YdYBZDN%2FTeac4GxAcu8bB8pwaosu9N3jD249d%2Bc93dXsP0%2Fyeb3dCNmbkbq7%2FfRz8syDKzmTdIlm2FcEBXuzgGb%2FAjnq9G6SD%2BOdzu88JT0RSHTMmGwT33O6OZrvsv55krBsznL9oBkQdVPACfVFGzXkokx670X4taT7IoWLOB2HJFnMpOz3MAgDhjw
2024-11-29,樊振东对郑思维说风正一帆悬,13.1万,/l?e=ac08SF204ov5uBwrHGaQffceYVa8EuP7JjCf0v9LhlRR0HsL2Q9bEIwk1w42GnX%2ByRzskVZ7IDXbitmW8B8C4wnqQRAGsG7uqdHua31lSqPvW%2F1ABdBlJ1B9B8KFWLwThBNIetbEX2H4yVh3BKDMuQGXIC3hdXFLl%2BAEU5cFQUJpBvggL0f8bOB5Ymu7CPEuFnc4Ow%2BbFJpy3FC8ytyva3oMLin%2FtQm%2FvO2KcDyR23eLa59%2FdXpqKDd4gmx%2FnNvFt6ULZZnJd6vTHfSTWbQUcYFvfKnjPLLwnoJ%2FAHc08ijghvHUC8DMZCW2TG%2Bc3X8woO8xwl3Laee3gNG3njrud%2Bgt8CIDpKEnX0AzOxMkM8FITa%2FWR4cJA24nwINpB%2B1UgbQmlP9dre8
2024-11-29,优衣库在华业绩下滑,55.7万阅读 | @南方日报,/l?e=a10d%2B7uVgKOcE0pTQbqoUgRj6zbHSVaECUmVB3oe2%2Bp5hUFyuoNPt36RimHs5Z2j7FSUZW26EFFQ70eWjGKaKgJ7lP58LCSDh1S%2B70raZhrNFwbB1j%2FfvGnb4nXTBvjJ1ULjaYKDUHvXHcbVws%2F5PZrmVJkFeCJQRwFDJjyzPte7U%2BF3R8O6VX9Hifs805Wlg%2FcFGkt6EoZX9xYg0ZKbtN%2B2bum2l%2B9UoKswWt0LkSZYvx%2BccclBTl1yLz56OQdMzLD4pUxBtZCLEI3Y7jl5e5jJL61l%2BV5CJxWRLIHpK0gCgFTa1qPXWplzcsA
2024-11-29,2025杂志超全订阅攻略,,/l?e=3d26DwijS2inHrRjMQ%2F3GcpXDVLWnDm%2Bz9LFmT2WVZw5GWAJgi5OILZCj4xFfGGJIYaSechTvayms7s1EwAUJ%2B9NU04S42iwuIa9imkgqLoAl9EXVMM7Qv6WUP7ytkv1Lb2tLMzAz%2FaqWaH7IilL7H3MtDGTAuU7BjhcLppEHaO3pCajUaWdbuMYpUqjBpMasxNUjm1QhUC2oo5W%2FDqSNZLgMrK1CClLKkjXSD7V72J1QmjFdfbyEAiSfXNIWQ4wStmV1OBNFAAPkl9ScAmK5EiZlKIu1n7HoJH4jfrebzVJ
2024-11-29,一年一度晒家大赛,,/l?e=f480NL1NBCJu13DdwYzU%2BoXpAAhOIISBoyXIQddInAbjfwJ1cgtdHAWIFvb28hKD%2FncChDS9sYLcEofFWe4QgBVtF15j6fu9OQCLEYewIngsiAmjRisGYJVgM6s9Q06lEeme6cyAp5D2%2Fv%2B0UtkQ%2FFyJ4hY2VSDUnn7DQIME2szpO0oI6015pan4EMR6gldeC6TIkdqpiYrMcjcEXcFwXvWUn9Xjqeu9Ydi8Kh9hWujYHJ4VSMeYM%2Bu%2BTjqahlCipShktlU%2BN%2FxQz1AnP50tqeOb%2Fnoepbxmc9EpZRY
2024-11-29,A股三大指数11月收红,40.9万,/l?e=97d7XbhKJ2hLbiy1WuAkcFTm18FGzmif72EIbSYM%2B3vLUWbLOLaoog63xPlc5co4giCUeMUbnOhx%2Fujw4UJ1E8J06gPKjnLwjY5fchkbL0HHfOpHYpkSLpHICXctD4kNM1uGgrvt7LgFC31o9EKMsWxFfGHintMsOkfaXHhn4E731H%2Bg16F8D2zaAIBKOY2hrbOYT1K7ej14jrJ%2FnshsNxpdg%2FtKnFdwwG0tHIcEOiK1Oqh8T9Fsyt7WYf1UNKBhOsEhzMfSDKC6JTYThCO9bDvEPioqusZjXaFuaLt9DgU
2024-11-29,澳网亚太区外卡赛,11.0万,/l?e=e93fCsJ%2Flk%2Bldh4pVQ1XbPMlqaNZvc0RelJknWhTv%2BO5jr2yWCPR8mkkjd0QIvnxh9GLiwM77Y4EKWhcyeYqr50j0kvKFenvAyNftp1wElBzrkshRvaQ7pzQ34HKV7IdUr%2BrhB%2BGIUsXjriJqdfvYVZiuMSvb3YhHCbBXEyJZ0TexD4dOTVqASC76RePx8GgxrNh47%2BTUHjdBZwUbHcx2DHHTUS0tctoPcruWqzq%2Fwzf5hXN3dUNiASga8B4o2v1CsbTOKVPXL8Nvac9eHUgna%2F2RvGei1JNTsnU%2BvI
2024-11-29,龚俊城市雨夜撑伞照,23.8万,/l?e=9a1f1M1zNHZYiEsezPyugV3YhvcQkQO%2BofE1sMdj%2FZO0eWF5ZEvxo31kr01Zba6HMDvuAT4rCp4O9U7DuQ6qC%2BhXOo9nWO26N%2FUWdHF1Ria3TjAWKHjolSzyUCUmD2Wa5UrlaDWz9JpOTktDi7AgCaFPwij3VBesiOgTPRe568w7B0z%2F0UZ3dGQBjbKr3WYZn3Tzj3xEW7ZP%2FWPO58%2FlgEB6LY%2ByT253PZ2eDCu5Si3lZOkmKCqW%2B1%2FdrTXfuG6kveeqXfxR6AgilNKIX1r4BHBAfAbqyKfPmi2CgCQR%2F%2FG6uWXYxI4Wu9ccgic
2024-11-29,郑思维说我在杭州等你,17.4万,/l?e=b1c6OgW4X0HSqUQzQrg42Kyk4yO6sbZRMZqNTrc6VCZl1tpeMD5gYRqMSiTnTduFIunyw3gIgy4eZvGT6xUT%2B7UEI2q2wTDvIfYoZGKyG55WgFxEnW2c8w42UmWOgq8YhuxiGYsqXY1wlWmjTpeey5A6qHxLDBwTFX8rtpgHRahaPONcqori9Wl8MdaPLLlcHs4wtPJbSvkiqa5Ljo5BOxk9M1VvJjU4NPW%2FtGTUe8EeR8wcFP6sKXuogMu%2FwnV4pUcuKRelsyTQabY6%2BG3hx99HyAJQI6aTc363wLJNBQw20QDQrym9mIIpDKktWLqtpiWuJp%2FgZr3%2B1YI
2024-11-29,林允滑雪妆,20.6万,/l?e=cec1h%2F9%2ByjJvKg8Q9VVYiVuACshiOwxTVzcf4jt3Tntth5WMMbL6e%2BG9aRyV0xBSAAX6IqNbzgzxhIXJKTgU77subRg%2Bb38mKBmVwavkHH4A2tyDn0drFjX6o%2B%2FwZPbL%2BZ7zgaIRY3NopkuD51W5zHku%2B4uHiYtqUzK4ZngcLOJOrWpMQveA35d%2FTVtsgenrAdlpwfPtCz6%2Bo7p%2BU5cuIi%2FFvsZbp0C%2FhkSzMnCxDrQ
2024-11-29,侵华日军日记曝光南京大屠杀新证,124.5万阅读 | @扬子晚报,/l?e=f69agboky7JNmIWHznRThxDDWrKGesOajLjWqX65xPhYEyMOjvcN7c4CKHrn844Dm9%2BobnsfKGgz9AxdewP5n0BhFfPBEC2EHB6ol1xrGY09c0t%2BnmQKSM9iR%2FBf5jb4Iddeh52PSuN6fWDdX3RR%2F%2FbZMqWaRLv54D5saJSoBIgqRITL8BYMyuC%2FpYEq5gwKSMjjdtavT53YcsJHo9MtwAPRNPIZbhyeIW26PhkoU7o1KdJjyWBUSIUrr3KSKrAfxWHhPHqMF1LY7hRE9PlfY2BEEPJWJhQu6QaUMXtIi64ntnIuL8UyZHk2hqp1xGfLb6Fl0kG8J5fo55aeNbVk%2FJWDeErm1fgqiqpERwXftdMJ2RVopBRUM7%2Bfw3%2FB594h3fD%2FH0lQqfctiHzfdRcLGZErhlT8fnbWSJvDTlVJ8eepWXkIZMU
2024-11-29,国产剧奇葩婆婆又出新款了,剧集 133301,/l?e=c066RG0%2FaKPZ8ifx%2B249q%2BOUphnHI5KLow4JW1uIFWg%2FpVQDJ6GxcyKO54qzTnSsoWpGxaHwu8a3fadDlvTiO8eM2pxpa%2BGXVyTDRaL7TBMXk1pwJLsgNmpMY7zoX2TyZ3NvPJ97XC%2FR7irvQR%2Fy2Pdm%2FrdmHkdzuMUQOgm1J9qP5Oc5PwPzD5Xap9G30FFsrXLCX78TIGp3xd7u8M%2Fk8d1SLT2RNzBAMnpU9FngE26Vl3UA3OJ9wuUf5JSJGbPTM7nKJ4RwD0ziON2UNLwU4S31pkFhEyHq2ZltDyv8AoOUUNFuQSbnqriNp9XmRskKdzV1A9hq%2BNgvhjyrmkQfWNEc8gNiNMVGLk%2FA0XHiYdBbyzIiYGLyZrc
2024-11-29,为什么刑侦剧多在东北拍,16.9万,/l?e=0ec9hhf9Hut2RE%2BlNlzjD8SETCdHecF8%2FVxKvv3j30NElybHgTUtd%2B75Dgpun3rOwev6G0iXGwu4mC0kwWpJjwhW0d4zQEqaJJsnAZnE1fGewF190SvjYqLd0hS%2Fo%2BLm3YlNGP%2FMnuiQiE8oQnlY6gCeqfZputAxye1H4BTqMTYDnxUPkHeaT5%2FmtWiNofwg609zbbvpSjpLQconkm2ibD8FVdJdgs7cDOmsudBudUZQt4Rf1Jwmhh52e4r%2F%2F6BkFMqEKgfP7sVPwv2Kt%2ByvMhDBmIYki8tRaw4XkXqRU7QAt3e7XEzekkJjQIGYYhfv3cbcggTfypMh4exh5KmvaCtgnfA1MkxaTRc
2024-11-29,周密把周芯竹买话筒的钱转给她了,20.9万,/l?e=bb51%2FOGPwsFNykHuiiHTxxV3Jdy98gQ5z2thI7BdnA2z32XoPJgYcYzhoPnJNHi4uaUU3NtGzrX1Ue7YXwwCWJrd9kfIoZwPtzAkO6ijC9xsaTdXWKwfgcGRrFn5iUY5mC85zco7r%2FY8IV3WHahoIbrj%2F1aTQMU9nALIqNYrljjVcivglasRX2Mw%2BNLEKHW6E04p6%2Bwyi18cboIbdkPf%2FpZfcRDGZRJ5agnLIqjR8E6PFvsISFEppYZc%2BO%2BVYr5Ybv%2BD0o5jCQZvQlU6EfUo%2BHmvT4dD25%2BB3RNigL0%2Fm3MPt2FIVAl%2FQG7LRcBA4HxAV0V%2F9ttTfiyqBQMhW0qJNxL5s15ghq4sCWKTmfiXl4Dgl17ExItT9ZPDKa3e6a8Ln4NZV4TSZ8YhrCyeUqcDTT6Z45yNgu7o3QHXTWirWXRNG4uoi3M
2024-11-29,贺峻霖一路繁花数箱子,综艺 132683,/l?e=f86dSendfyQvkvNG0I5os0Shz9053j66K65xiFKnnCLVoKdYiO6GkUlpo4DqBcwRNOBzluHWZsiS%2Br0SmQWhnzjFqN24FhNWkmW0cQ50NHSmkDsShOlQUcvl9cb68a93dwdIPNukkcq0em4KvxxYPVOkF3vOBTB0KMs7jVShVt8xAqSGVDVXfmsly3NtGCbUDdqDJhm4ueNANdVcpruzB1Vj4vuhqiDwru5BD1XiHXvdOFXlmmNyTzwM9qTdUFQ%2B4H63ElY7jp%2F1%2BrAprDQbwImbj43gfVJ%2F7kKUDOtkZoBLJbWJE1pJ9EuQ5%2F2sF7Z2GLZyTE8lAb7%2BUNQ
2024-11-29,女子在中医诊所遭性侵医生被刑拘,18.8万,/l?e=1a462KIQVrbPGUsr8IIyBLQM2GzTTk5hepcY0RA43%2F%2Fd40xL8tvFUCBJRhpo77Ge9%2BicTTHvYL8nXN%2FGex1uwJnVVqt91dap31yxDiid3e3IcYq54lxrLERFeIq4iDWfICsfwMWmqmz9K2WNwVOATqlE4zuyKaWfC4VVKXTSuGcTjmWz3MEj3rhOCCDDMtaqEaJXdZHYO89ejB%2F%2BdIHpy9HM%2Bby8Z9G3sKh5H%2BGjO7u6gP3tFk0PC545CSp7Msy0nC8yyzv24cbwSa7nr9TCfwCZhgZUW3t5IjM73nLdHwktzUvABJR7OpFnQbF7xd5YBbS%2BcF1jxunDQ6crl8AKQB1yht%2FssuBmOvCtLmcuSRFMIDAfTtXt1XP74tZKdO8yi55yOWxvPsGYVvPmyJyiS4lo4bL3QJX8jEAl3FpuUp1%2FhToRbtE
2024-11-29,印政府还在用被封杀4年的中国APP,306.0万阅读 | @观察者网,/l?e=6b01yp6%2Fs7WlCkWjPqJJu1zAGm4IbR4OfeaKWM2AMV7YIXEi1oz3APxQG4FEbx0PHKExCTtKOy7K7G0okZMh6D9azxIYEnInbtwoAvGwXw8XtfwDKw9JVSpvLCSHehN4CoEIkB9NdkmkabrQj7NLnP17stRhAK7nU3IFdg56yk%2FZbaWMt8wjkOC%2FO01iPrAedYyP%2FFw7DtArNrnGyjA49dE2N7UJrI4yNq7cVQQwx8LQUpijXeM06YpSjc6qg9JUSHc2WslV14x12pSTzf4GLvHMIHChEpKXcfVAaRB91Z%2BZglZWq4bSyi6CpAI8VBmWa2D9ZxKs1kU94JNBq1w0S1R1xdwy6QQ9JHUb1HlUueSgnklLnQ0deM0NmZGnSpNZkMuaynOSsJbqomlZ
2024-11-29,韩安冉称do脸模板是赵露思,76.2万,/l?e=1a06gGISHODvSrbXRhYK6W1FSZla0dx9AsJMV9%2FPmW6lp69HUqnxLIfjR0Z9hbAgwESOUX8IWB25PLrf1qt1WEj774%2B63NjA1aiKHO2kD7N6PoXeukJc5IyjUjFfvUDefx0CWZjSZNeSjjpV61urGzgMYpcmL70BRyRzPJ0c7QAWs6MZ2RoHMThW5YvQor2Cmk0CXRzi%2FaIu1ZrFDkgQvp2aK7UDAAgcQPbTpStowAr4jBlJNzHFdVxMKP%2F2SUbtWnaWWZ67dz46LwcOONtgjK8ewsS0Dl1PNQhTclt%2BXzELY8Jz5ivPytBMpUf4PvWp9vawyNh2GWJJd8b86bKi%2BX6brP%2FIrU4CJ0J3sA
2024-11-29,王曼昱助力亚冬会,28.0万,/l?e=7edd69pw4%2Bdlt%2B0Hp%2Bnr99bEFqqjJBqZReVv15XisYWMOKaZykwloLjETyBfMHGFoCPt3Fycca%2F7adiqTWp5QGiCEx7UTm28Vjd6HrftZQnpMXbGuOWdWdI6PgKMcwc1yTpA15ZzBtx9z7zrISMq%2FCHy7yVoYrGSjsDXifizKC2qdLax%2Fyq8JBFqtKwYbWSJewN3T%2BNX0d9oz4i%2FJnMb89zubChewmDFsfWdRv8OCxgFWM2xVL%2Fuv5JbaUu4sZi5VWbXq7ExgkpnSFMWkIbVuo7r94zpdUiC6TnQDaw
2024-11-29,小鬼拍到本智性恋心趴上了,29.7万,/l?e=657bMmFuClOt1xrWESToRRdX6jtxhwii65iPH3uVpNZrjD8ozXvAqP%2BM0y7r8qNqgAaxsHZGe8jlU8FDJbsgbJ2eCKUFfPhjIQ%2FH0H%2Byr7y0MIrYTZ6m4vAtu7PZQH9kNfJl6is8RBKX7hto3MkZq2jLPXTOwM6Nc%2FYbyPwXhkoxPsjzJ8Rw%2FP1PZ5pOAbOTSpZtahCI5erxR0%2FqahENyMewoZISbCyI%2BFQgGsE0TlirQIt6jWM43AUnmjS8bOAJlfP9I%2B4Xl3bZixkBeXh%2FVRAl7HZ25qN%2BvIKimIZ%2B5A9gRhxoLNg%2FXjJLGtocW7JVpaCFAwlXrTU7%2BdgLa8RCNFBUTPcobZAwmtbqesjWFhnVULnF0MtAm7o
2024-11-29,外交部回应优衣库不用新疆棉,1388.1万阅读 | @国是直通车,/l?e=276dYl3aJV27w26uDEp%2FZ%2BIPFxT29EI4r3UBr%2FG13%2FtM13eR1gfNpK91MePAAxCojXDjhzjyAhsZhW9ZcXV6T5OPAJDejJ%2BQH6FnZux5wW8%2BZFrs6wUIrsdbLxdLKPGbwkdBySI%2Fce%2Bi1mZrNqERDCU7z%2F13EXm6l8UxqA9CTnwFROfiBJNb%2Fb4IZF1ESeSCFqVFEWDPF8bDg4qLnW%2BxP9ZHdxV2qYD6b%2FyQM7ydAoEPnyDS7fEjhyotg7pSE1LByjwFuaw5%2BrUgaX5tQCqBUHNj%2FSoecrqM4MfJEwl%2B0ehX0FdBgynW%2B%2FoE0%2BJtoEjYyDuDFrSTPlOOlgC%2FcEBf15zhg24dKA90bRlQExY9MYbWjn0pcsWt1XS%2F2Zy55IljEeGNE8%2FjJNc
2024-11-29,李昊 活在我MP3里的歌手,11.8万,/l?e=11774CsEJWeTnMlflQd3HqpaEYvdWHoipVyKTt8nBFT1OlL2t7kzJhUHarfiWswFhlD%2FzCViMWYMs07nvUcROdNQFQ%2B5lgvjKd9%2FvtnP8jtKoBq14DtKkmYjMf22PHwenOyRIx1KvPDbmOKuijaRPoOh5SUPDoTHahRFdTnu7HqRSkeJoyoDykO0zTuWWxQHk%2F5N%2F0fHJd9klckx6hwkQ00hLCymg2Kp8vFpoKLLupVgiTmDapiG3GY5A41%2FGFvZ%2FrIyxbiDnQtdtsEeC5HA2SkzU5E%2BG5YfLs4UxW4FCICT48AWVsktugakrpBgqNh0hes
2024-11-29,导致胃癌的6个高危因素,2463.4万阅读 | @人民日报,/l?e=38b6fo%2BFVpsdq0g3HFhh%2Bsnu92dsPbHBMDVBFYsnI9WEAXS0cuuzO4jJG7UMlpfSR36oMPMuAzZecE51aThZVlNtCb9Wc0fhlAHnn5EdpkTl%2BJpWCqKl6x8Twzi61o8Tc6p%2FvflxTL9njsyx9zKZqmoCXqICuZKk6xj4h%2BnWcdx4PbFaHLRv5z5z4EiXsxH0X1%2F0dXStQmH3%2FjLNkVFS%2FXinwHSwsk%2BsI7exj%2BX4SKWZF15yXdkvL7CskR3vb8CM2g3FWgCJCb3c4%2BTJqfSC%2BLbS%2FI5bpRFSD6i2ErTp7rzgOrgA38yWqOH4bU4zg1QaUmP17btuNNr5JF0x
2024-11-29,扎根中国大地赓续中华文脉厚植学术根基,,/l?e=092fdOXyAB1I0eyWFDNi3M9RsSbtMkD%2FSzLAOqlbisegOZfnCaL1vDcjDiTODjb1RAWcpF6b1r8w5RZ36oU%2Fw1pqKJoWvKxb3UREFHwMg8R7euXpUsV290CGlMTLXg6hMi3h3zQuVw%2Fulqn%2F6093YSgeZwaklmBmMV7Zl1KgDBr3A1NONcON%2F3copWXKqVCFSYG4whCO9KWgBOTFRDMPzTaYadGzvi6nt3pDuFtkeDwl5gl3zmBhtsdLi6C7hTbInPXAS78m8jLMXEjlDI0lkr%2BmMBSXT3lRu4OVZ9BWrXyZIoKVcyFo8qPSBeSjCYny%2F9Eq9BS%2FN%2FI6HTAYblj8UtLXB3b895v7wse52JP%2BFHzINHENJYSfeYVy%2Fh%2FxZSuwZhTSVBhdNx1CpckG3UaIEReY7TxMufRaGxsO8tW4hsD%2BpnUvpSTrv%2BXB4RtNceNFdavF%2F5lopTKZe9eDhaUomGy4C%2FpVxivSZSNFuvoq3ifA0Es
2024-11-29,猎捕野猪为什么这么难,201.1万阅读 | @新京报,/l?e=7e126zn6hJQeYeTm5pwsKnUbODz0oZGDiHj8C3id5oxRA4%2FJuSzln5XXgCNJSQC5IIIREp%2FNW4%2FrJcx8bRVNnIIy9pReRADLWMx5eRzIjNySalD1Iu21WAb4MfXV8rBzAvUW0O1p3Zw1Z5O4v4UVen8gHPiITc9kEg1j7Y7FGe7cu4c78b2JKCensKCo1MZOA7YfkQU5aXISF3J%2B4B6z5FufZ1cn6X1tBRe%2FUE%2BOFwbbwuAG%2FUnEiC1yXQjhbNaf3eNC6zogkMWLMmTtS%2Fzh1KdlIf5j%2BmQco5cB7LbnVaLEjzwnl%2FNLEdhaz6QaI4KoVrYTycMs13dS81I
2024-11-29,人民网评白夜破晓,31.4万,/l?e=6c35Zf8%2Fr9myWKH3%2BIISwtF6cPNXCtnmOJ2T8sPTOAPYFXJmDnti4FbQH5oc38cXn7jmVFSH7SOZ0nHFYXCZszrU0pd90iCq1v7mzCddg%2FIyWJp6FNliRGSDY05lB5WFWGFC3y7u9Y1uUB5D7JJNZYo%2BrbGaoEPHNBajzKGlqDtgkuClGJipPewkj%2Fh8Ai5sSXiyXqb52yP7FeUnMjWk7%2BCTyrRuznDfjj9BmX2GqvI4eRjxNyA1lESgO2ESWUz9Yw4yUGE%2FUgI%2Fi7aht2fnHW5fNImI7BQiJf7ovNw
2024-11-29,春晚官博回复檀健次春晚相关,晚会 888700,/l?e=46b7XtMJNNlQYV09DFOnWZeEZR9xRQlic3hPWvLVeBR446s6P9IxlWUyZWpZIP17f8EygMxwP8vIlT3LPatcrB40AnJvp6V6OdPlc9GKRfBm%2Fk5VQAmSqTeCR3RfDL%2B5vZf6GL8WBiDWywJsLf8xtOS221uXkx7dEvxqzolTnsvvU1YCwmlABwUiJvoUsd5Yt0JiI5TK1xvQ6Xu7Vl%2Bkuq0tlzMdY4G3DlUvtiQGtE%2F5PiVBqO3kY9nn6riYWt2nhhpEzE3JW32G7%2FOsHgP%2BiaYu5M30wM5ZGjdg1FwRy5xRmI7vEwqpD3shv6THVB4K%2F66%2F7CZQXe7T58w0Ew2uxrbXAvJnSz9nO%2BemKIe4LNrfckxJtqeBATjYGhVcWD7kl9mN%2FOsHg2g
2024-11-29,悬疑片的反转应该这么拍,24.3万,/l?e=3c267aaupbWW76TFu43R5r2AAL8OVYWjudtPx37SHZgkTO3stwyr6rjxfUSvgj2tOwYZ8VI%2F3uQ82fDx38QUoaZH%2FdNZDp0c%2FhE%2FdTH%2B80Qk1rBBIS210x6IyTjfw2r5RPakvVBCkDhDxsONczc4FkLvn%2FhTLBtlNAC9EwEj3yvH1L45eJhltnJu2eG2ewmpvrxetBUjvGBcWqENVGP5kJAluAyGnrXg1BDohC6TPKAlndBENcV42y%2Bhziu6yyqdBhyC22vNWQ8ufpw7s2HASjxkro4W2AETUEnwXk1oxvHwyzjED8y0SPBV%2B7vpGbpXH4WMw66AZludBMEOuW9YyFu5XXH5I8liji8
2024-11-29,Baolan晒传奇杯四强队长合照,21.8万,/l?e=5b6dOqEVqzbu%2BCauDTmlMb3H%2BLmHnZXnltxi3B5LmqGrVnQrvuip3YwxlISA5uWx%2Bwexdm1urmb9BI%2BESMMQ9hiu5VLCmZfonmPvx4rszBLTCrWk8TjI7ykTshGQ4%2F3nZ%2BeYi2vs37%2F0CVZXh1QvE%2FCyT0k2hXtzD2HJBzGNrtkydOw7FG8ywzI6FEVF2kFyA8P9CLFEYHgTt07JdonH3fM1IevT52fnphSQ4A%2FvhTzukkTS5%2F1eyh8r3IXfToJioXNjsm6hmxnu7QcZ1rg7ekdjBnAOgTuZQAtR76QOUp7sdv%2By9NMrtXGgjj9gaT3o%2FCjzE0DW1psBAN%2FgDYmGoR4
2024-11-29,小鬼王琳凯风尚志十一月music刊封面,13.5万,/l?e=8d7eFExqRTcdAsDawCwxNI3gacNSOoYGg6zzT%2FZsvSAuyPO60SWYZxvBd6os62BiNMQGWOaI1dUVz9y%2FeScDxRwXDfr%2BWtfz0pqUijL4E9wlo2MvUPeYEepiotMDZOZGXwOi3QlbT0TY68huwlipFOfAh1Ou0SFY1zH30n4Fj%2BcD02zgvZjRhmyMr3M4gGIEmCuWkkSm%2FhkdE6NGaOEXqzs2hm%2B6EwXTq7dhbMLY397QwKuSfm8R8deFXzCH8wACLCXiKPYSLL7YOoGS6JWD%2F0tsN5N76RfDq0AvvpKjIb2Zz2EwGTqdToJp6Qd6DGOR%2FjtZn0kQl4pwH3bYN%2BA2zBc54YCJO3J%2FOF6MfZLUkKHUxzVyUCsipCHQU5ntYj5%2FjNVM8J6GWs19z1%2FfwWhofyO6zxyA0CUt%2FFKDXw
2024-11-29,金玟庭演唱玉氏夫人传OST,16.6万,/l?e=a329iIDd59BdjT2CAYkeHjTf25ZvnFFKjAQbJh8LBOEVlRfu%2BYyc%2FYkQW%2FyJa7altRcSOFwSRj8kFy2JmyBmuITrJxfxn6lsQRTefma21%2FoyuBvR3lcOwd%2BYEv3dDFED51ZOiMSsQv0ieGTw%2BqCR1LTrJ0znx6JV1is%2BHR5%2FXr3IYqtezsJfuQ8XYalHE692AJoxaBaqTH8K42Zgm0acXN3FMWZyXR9iN2UBRC4SCND9RdVJonkR4VokCJoTlTRl0%2FuqB4T3cqmU0mk7%2FDQ%2Bn5aIHOj8ebGOO2OXinyYLGHSmXRXtTtDSyGWcA0nBKfkQIJdadkN9a5sBLa6qG0
2024-11-29,打游戏一直稳是什么体验,22.1万,/l?e=65e22AmJPrPeP7Z4%2BbznJnX4gXI1Xda4YbjEOf%2FIU7ldbmLaXz7hR8FyIY7Mk%2Fr9ugYMIJ7c1lS%2BeSky%2BgKV52w7iaQEQdjO4bVDmY535RcBwFWAyfYDUqBNoy1FKkYlcl66jRQmymPGzsjjj8Q1uC1jv9V2VX8Sp5GiElTmPAbdYzAQ2Mqlr636KF3Z4v2qnOD0f2o9nCvtDJJL81qDcAdNkhlOmRn8m084CgXuW%2BgTsPligk1G89wMzxk5SMJkVQgoGqCNuCEEQl43phTQaAErVQu6wBmdWbdUjv40hvHoOPZ6EqGAI1sqZj%2Fdd%2FlmqLysICRA5IEOhANhoD9KlyldcV3eF0S3fa8
2024-11-29,儿媳控告公婆未经允许在客厅安监控,281.2万阅读 | @大参考,/l?e=b1333XLBPfNVKnGOgraZ2GN5Leryl9Hv9Vrgwg6F7pyIA4EQ1v8g6MvYLuPkljjcbE%2F%2BDwQoKS12gV6GfSKK%2FlBwWu3J25WH5OmBE5fQVh8%2BqV%2FAOVOdJfU4uyg%2Bim3WMPnt%2FItLjourlHZGmwpG4bVZ3FWUqBDnaUI1O1EW0aXDsC%2BXsUpGtg5xATMb23kK3ySwM7LHnnf%2FAmKNpfu8gUKwZiwD7DyBMdG%2FrWuJZKYrT1Z1UdF1ZqrrSVFaBZy4pSK97Lgpv5yT7nLdO9ZYPVcn5wdRhazgg5%2F51aFYruIxt4sjvfbCTdo8CeZRIzdf8hOT2Nb0ni6OowLWLOHaX%2Fkbt8yE04d5tcGAJkRVyZr2zsi4AVaxuPrThAQ7iTrz60rEuUpf9LbKQdnKuIm755imka74vGqgxzxldDkcml%2FX2CqfvoL22dHCrLjXFTJWTQAW%2FpQ
2024-11-29,蛇年春晚标识有什么寓意,700.0万阅读 | @央视网,/l?e=b76b1mtBtuBX22gtFzMo9yUO%2BEV9MioNM0jIto9BIBkZsyLEa0s5RA1IdByf%2BbJKXAVnn%2BGZSEqyot6HBtZBJauqcbqAaKNciEsYm79Xe06vLS%2Bd3Mcrulw1krxI1KkE2kWYkmRd4iXXh%2FTh%2F08UOnS%2FYMWmWhZnan5z8bkb2stIwXT7YlU27ARnfRFRYxxnyvHfRP5gRHf7YgbgkFOTIb2TIFZ2dYfKz4oXAgxK8vPCqHPYiWPaFaVHaaiWaI9XfI%2FvZ6swVXO4%2FsXH097dTWh0wStAufG5eD24EFZLlmc8Od7XGZWyxNXeEnIAQj7qSC2Qh23Us9pLu8Z%2F3hgNGPozpj0ag1Oxqlw
2024-11-29,贺峻霖求旅行攻略,综艺 207666,/l?e=40abokL5BRRBpm7Nrb6nT0KG3VxT4RJV5gf%2FeqKGc6VTv9uwZHkNkB76fGpj8S%2FUxqttji5r0zv4Ck54mO38%2BUyAxXpgDazC4ruXLin2a1%2FtQ7EQknSH4EAKkJIRKfHjLfHrEuUAAmEalOiT4mGqLHXWgAtbPzVp9EwMuSs9%2BeiAWh8jl%2F0LVTO2VaZxb2dUl75WsDY1%2BcgHtjRTCsx8%2BUvXhvHHKt897gKdM7HtapSmYvr8xJnVihN0DB9qaNrLxOjsnPA1yFx%2FUtUGIzNskKJbS%2F0fn1aF%2FRE3VJM
2024-11-29,一降温就流感的体质怎么破,23.5万,/l?e=aaa1YiI%2FeBVLDadQt9dk5RKGLUJU1EOodCSMSszhWq%2FqkOoXe5rtUSpK6i86z%2B5eu8TzbLsQkhqpU0vIo05UnWRvlsAT44ql0iKz1x%2BG%2BabEBzlGhKEEPvIQ8Fm7pdI7IHhfgPPdhqMB8pa8rE%2FQTX%2Byw5c%2BBMXqwX1P3g4vt5Okeoa%2FHDccJ8MvidogkOlvtlRocixbWJC9Czeg0kgblmg39mHm7ULPRsoJKAR6bj9LRlLhzLyDGt2c9gzFonqV3DV1qkm4WkwrzXOcUN1Gj9WBwfok8sHXSAJARyW1kKuygfbkqUMrjsptBKd%2BvlgjcbftQKUDImM%2FhUjMxwHbsp8je7iyY6uJw22b1Nn7gnqXrefNHdsTkkc
2024-11-29,黑西装是杨洋的统治区,13.8万,/l?e=da5as1%2FmjsALW%2FgJUP0M%2BsHAeT%2Fsiw%2BnfhZGnaUHEYBaDatsmpcSVeSk%2FVO9uoFlAulleOUnRNkm%2B0SfZkD0sxSJwxevLEvJT3N6QBEOhgsU6GHF6Usaau2%2Br0AX3rY7BFV%2FzOhpx6dL1o%2BvRCHP8XrqnnX1wfBai0QFxMB7jKYi%2FvXAPURlHB4YB33g8ee04Un%2FTv7ly35bc5zyqtNZ3%2FUAivzgDQr8F5RNwFF9jMTfhc8S42cWdZ2oZlflratB83YrLdebuiHcdaoqS7SAkQmfIK2RqSls%2BGXjUMpdT1uBETBw%2B6nEjoTM6ldKgwHOItqagGi0I6Db7Yc
2024-11-29,郑思维拥有7个世界冠军头衔,16.2万,/l?e=c9d2vy7sVtQpq3B%2BLHfomFs3eJIt0QtiXvae52EUaIFH%2Fuzlh%2FUjsxrbADixHJC01mjRj%2FAlz%2FOkl6pBssvFZEqLDNA5QvalqZ1KkuEHVfbqaH2nmGoGvjA54aWaj8QiYeeZZhbJbhyomdXjIHYY6kGav7OhT6YvDfYbWuhVq6KEo9YIFUXw5jHdV8svq4qMhkymM9TBGZiCx1tmQBRrqviKCmRWg%2FZiudv%2BVZhefe5kYQBeDrlie%2FrO0YxrYy%2BtkMGPAtkeAbSF7%2BpOTgmlZGBVo%2F8L2g4pSgLnQ7%2BItcKBsVXZ740X%2FHBg%2FYHeWemeHdypCcnxnBSBat1Zw3D8K9V20RdbeFK7BoNpbkSXoZtfZL6e2gg8pwoi
2024-11-29,中俄第9次联合空中战略巡航,12.2万,/l?e=783a1pXHxq7bc4ks%2F0Do72kEdQrulF6rKrIhs%2F0fflxmJr8Z0rd66xNHfxAS79fC9oHPpoU6uQ6JUdjo8nioJWKlDCzue0Ga8lWEqk4WUBTomRlKJUcaaq%2F0C3EGjQwkV4Etx8YJ6HxcbDpftdzNuV%2B1zIndFuMV7xl5pBPsCdao1GNPJd%2F3O8B9QSBFQLbi1cC8yUykMja7mq1jz04OXTERxJc%2BQz5n8RK3La6sQozlx9FDiWLsKIIPEZvxrJNKZg7GBxJw%2BcPWuxIDu2pIoQ6jnrBhMB1JYweVwgPY5QqfT5lk7eHaxmCj4sSrtP2JJyAMV2VSXflB9o7M8obFATE6YbOOoibYZXHXvvlAKcm7IrQHb83GTHPR
2024-11-29,王勉 现在是个综艺咖,综艺 111890,/l?e=4bdc5ap3Zu0hIQl4cJ4wxiWO27dGcPRpJ7UdTv3333gE3%2FBFsR%2BFD0igNhzNRb%2FA8GdYi%2BkFrkD%2BEto7k64M78Tou8wUaDDKCbwjssqMG02M8mptWaVJMxmjQidrwKYJ1cjH0EmGt5hhswQvjh5GKrDgMThX3qYUBDD6gf0yHkVR4SMmTKAbAzjvBQhTaX%2FMg0MPUlDmHov96nDAOurAZryRUz2h9ammDdod7JhXspo2u9kR%2BduvrXZG4CauwHLKrrxPMUann4RGLIV%2BHCIP85JbjbHIKTpJb6tfcv7m8knDhSStPVqJwRrGLVXsGrE
2024-11-29,官方公布冷藏车厢内8人窒息死亡详情,401.5万阅读 | @新闻晨报,/l?e=1ff1i9MOBY9sdkhCQQ2DvTLawfbm7W3SXV5MEz2Hp9gFi5fK%2Fj0czMnjKrNGPXuRNCLd21q9MCKDPOTQk0x85yaM3Hq%2BrZ5t%2F6uNbalD8%2B5LYbW9lostrxGi7%2BthSHacTttehhN62vHpqX1r67ZdWYrvBUf7McvutmZV4gEuu4d5tH1axlRjH8So7KCQz4BelQ7Vqo1dJngyy2uNfcvV1lvyL040vhOkH83SQmCcP1kdX9fGM4PleocVa%2FAP7yPMJfQf0CUBZ9OoRzTsF45Z8zs3IUK5XREGtfu3JHHtWB8RbExtOf6GCzcMk%2B75TgWlS%2BrYq8WyIddkq71qREcv9SO%2FfGv4y8TuuuyMtnykfkgm6teDRISgRbYFt7d1ebgy5u0u%2FUEpl082bOZ7VVj7llLxsREYrmyiym74l1hOywubc1SIInHxh417P7RYUZP2cYkqm2MR
2024-11-29,欢迎进入中女造饼时代,12.6万,/l?e=9b21qtRSvy0nealH5OqunM74kWN6Ss6fwk8ob3gVBth7lN0JEN7E8Mh8vguFHKdaFIsZYAPn72juwf64GsSdduxSXyJfTWsP5AUErJSmPIo9ssmVhW0wzIKpsSq3hPltITxXGiH9sW%2FAwMHLRE0%2FBg2RIzL1djcO0gf8PIwMBoUFY0nJ8ktuxwG7myxOoGKQgLfkdvIrjMp8S2KMLdnDP0j6oDB4%2FC%2B9muc93fcfycvSUDKeqFrLIlHPors43er7XMNZ99JnhQs%2FdVRB0BdQInQJ8NxDT7ZQ5y4872Z8ipMUh3U1f%2F5PWCy1y%2FxGB6O9FZtK0lvSRwGfX1M
2024-11-29,中国游客在马尔代夫潜水遭鲨鱼咬头,21.5万,/l?e=3d6emH1Hlz3vsUU6Nt5XC0%2FL0%2BMw6K0qT0o1xPf75k4zki8%2BTQksXnVb9yKr1JjMqInB%2BpEdMpSMfEWzLHfnnH5VLziJmfh0VAXvBLDYIJYhEfG5kbFlcIwhCn0MOzAbDEzXTGw4nraQUy25XHFV6fiNY70DyfyEvrWnCQ%2BxyRux9bfLvG9W2Mdw5wIqkSbmfW%2FUERAFuVCnmsHL%2BaQSedvO2xADgeqyQ9Onp3xa%2FO%2BnwT5kUWYEqIdlNMQEkuMEleBXwzuU0XSBmfh6woD1Gwfiw1Oe%2BQ44iEQiaP8ibMAAlEsswNqdnB5P6wB3USi3hZ%2F%2FZKa70YO6l7lk1asAjSznCwM8ZVncQFCrLggKoae1SGfPqziKmmhHS3qcUGwtCOGC1SsWOAvPP%2BdsWmCqA0eRtT17BeKhAe0FxHwEpgFhQiNdwEfcghm9N2TWG4XQO2avWBM
2024-11-29,侵华日军日记描述南京尸体如山,455.0万阅读 | @央视新闻,/l?e=6634910G5Rni0r5kwxzuDxEmpH1GCw%2FRpl6Tdl6kQkuXsxoBdzURA0B60FietadB0aItq30E7reXorj%2BKl%2F8mFeeJhqQTO0yCZ%2FIaAY7%2Bqm8wvfJaeCD7z12OnJUeMOZUNuafybZee96ltZv7YtBYKcixcUH1tUYhXUvAgmSwT9Z4pAwgvjQQ7XLVHljxhFI3pv3MZiPr%2FcUwgi%2F3yhH4itBL0jnP%2FmzAML4QZtXKtE%2BSRjW8xa3SuyRp0AQZ2mOGeXJDTFLiQV7%2FAqqqnL8DP%2Fwz5BmVT9QGZ7AwbhU8%2FpxLwTQ3w3ztJ1YKhmQc8SVt93jIcqmGgmzcNAd68%2BIQWaedUIKy6Fxo%2FJxi0%2BjMx7zcR5rJ5SeMiwWG16ArhLJA3Hew6U31PpLbTqvZ2OHruLmE9iIn%2Bg
2024-11-29,古巨基钻石败犬live首秀,演出 134988,/l?e=0dbbHMvunjfmPe8SEYxsZ5qkJWODyzQeQfDuDoRVVs%2BmjA3e3ZD4UdHVTgakOye7FwgKTxRosEeUA%2BXoT5nsot4Qjomu%2FE%2BL%2BT3JtH2Gn77gbqF%2BHxJWwyfgiGf6A2H%2FGByA2F1jmsZpngs3VAA%2BOE3xNvl9xSnAOmb19wWQaldndu8nmvO2nhTh%2FSSurF8prjT09dEoomkAF3zcgzyBLoJI7XMovtertbYe58a6FE7NWw7I%2Fk3xe0GIouH9pipH2PQcS8PuhEKz4r1On08c%2FAhIYZUVaHYUF3Htazv9OHwqa82nwW6CZBWmMvMqFS4i
2024-11-29,巴黎世家售出8天后要顾客补1147元,66.9万,/l?e=cc3aBdHE2oY%2FFHu3qKoFsAsvChWLs9UfpaY82KZISrR6xcVdbZFsEw8lnoMhnkJAON9otfTgKGs4gnMFWDe3hlmc%2BNcWzQm3RTb%2BUBMlHWVGr4VcmqgF6JtFgRhQuy95cnM20NmJ13ltVZzQLcO5bJH4%2FyL%2Bt1Ujv1jFs%2FpYPGf0QofkwXHW%2FRbfplzmrC5rk0uTK%2FFOGbhl56XKG91sFgoq7N4YVfaUETSp3dpvFVy5GaCk6CwqEXWlydh1DUUljmsv%2F%2BR55sp7I0Hlr8HOrTQqMVBHdsRAPYlQlALiEaXEPcOzMVCJL%2BYtVTO75FurFxCdWNsLiKKnacPzySY6O7F9q9J0uzUtXhEQfwAjmLcBAXRbCT7cxFFqncRqUmynqdpl53WB9jZaOkQlxQ
2024-11-29,虞书欣丁禹兮意林少年版,剧集 137691,/l?e=9e81q0dmj%2B8hOOOsifu5o1FTCRGRIS30aEDAqCVOzPpLUhZGx2P7Wu46giFm%2Fe6KjUXIlyZjae4PWm%2BJGjUPeMzraEEJxvj9KnO89UZ3mbUC26%2Fn7umOghfeWu16UygQeGsMkAkWzfRfVheB3yBu92U52o39uGLycovgqW0RTX0s7Gff7e8XZeZXsbLoGO9D281G%2FGqFhEeXa80SL23prXeoMuNTqRC01o8WgB%2B8tpMHn8mMr5rYGTNrSngpFyBjFggy72i2Ujj2Y0y8r9B2FlzeRWnU0jpDNMWpWeq7drcopZ%2Ff5HWUbKa64%2Fnx6Zxxqq%2Bv5WqxO5vG3TUyA9rsEv%2Br3mKITSqWrlQ
2024-11-29,TES官宣Meiko离队,12.9万,/l?e=53f2lCu0rNa9FNkFkDTYMHVFGG0AF6QAeMNB3KSIzj%2FMj%2F%2F3NnRlgdS1ehsb3TKZS1NVUcu8bx2XIbxMmN6qxlPlA12VyQtA9mEER4cFeJObKUH3MMqZi7bsBmdjyACHjtVGrVp83IHgPAI52Vd5IhmFK3%2FastAtGzDkFYJHYKdjuq9%2Brt1BbT2vL887ZJmggUFSRLgtFK3uzoMtJJXVjWl6ripKl%2B8moQ
2024-11-29,唐嫣灰紫发色,音乐 110851,/l?e=db6cpVCbhJ4QGUGAYk0D0ROVRKndRnBtVuTmN3zEDqUXezJi0dulRCBiy%2F%2B%2BVqIBXQIYiMY%2Ba2D0ZUuYXQuZF4WO3zTGegLPT%2FhvWIOyqNHn8DshJ62NlLCLfmLA4X5o9f6S%2FbWvFuJhVULtVYARBY9DLQqS6k7bdbDptg2EVYKYXSDWvsutfkIo4%2B6bjbBudy0OjZYI0Vn1NZiPib7UPgZWaYYTvkhor%2B7MoWj02uCfVYA51E4Lsd5UTf%2FVaZQ
2024-11-29,韩国人的精致穷,40.6万,/l?e=2874xWiUpSuWw2KVr%2B%2BUDFn7I4Sth0LdEiMqNxaGxDqsBsDbiMCKhCofNuRCpYefR5dSHpsUh3QNFcy9xRYGEw20Hghme1aWAXRMn5kzPI%2BvbY7T5L59cWauDd7st6JDf991jXuwqIqWmIittZgofbSJ%2F%2B86nBHjOkCrd8I8tHAU9Kab2zH51etC6nMV1peJEVRCA5Ey4TnxNKpwupUyXWvTOE5fWBtd1Q4U2%2BDiosit%2BtVBlwIMMaC3zklv7BxK9bRcWM%2FD11rdw%2Bwpe3g
2024-11-29,林一长沙活动取消,20.1万,/l?e=a3c4KfvQXkrN0AK%2BL6Qe7%2BbXnEZG%2BXu5WjYyh52DogdiGcohYzCIHU6i2O1YxDyHaipwnGWmneko3FiPt7C8KxZhARhCkukFV9ubtLpTSjSy3Hf1OGUGFy0URi2n0h3FGBiirldWXHU8VSjjNx1vyWN45vMxvV1dK3kfPZVXCgemLii%2FuMf6lyKcvVhvj56UzqcKmXJZPzE49nE2cDmArGNpv9ev4RE2xxGkJ52w1XTutuf1UL2ljr%2BAiODHovJ9ZdqG%2FwqAGMzV7o3o1%2BhpQY2n0%2FuZHC%2FognAoD6o
2024-11-29,年轻人买的水果半数是情感商品,14.2万,/l?e=5b3fscsBExKt2VGFjzdQ%2BKlNFvFHv%2BJ7knOtUDgC03%2BC3IgUBg%2FMwvsUNO4bUx6us3ujqbQO%2BlmSwmHxWSWVzctFgXBFHlwt%2FAehCUv9DW2LSsMnzz2J3WrIMStDLwbTS73RqO0h2ONwJXrbihWpVnlw2z2NtSoa6iodewW%2FVcR4oIFrlGF4gybccuE6lUwojhGkDyyfZuiUPGDdzNvEBnqVmUbIUmgxu6XerEbr7m6v97Rccf8IpwAa02Wzyv6T8yU%2BGuiEimataX%2F1Nvr2zIGPdt10syvG%2BTg7xo9IW2eXAX2ubqMQhXMi5qW6yIwN3RdcQ8PlB50ZAC0%2Fej0ZFqqhrh8qcVUGQ6o%2FewIQMQRmdqh0mHBUFQgWFA2APCfOh08B89IYqU1bqOsuk8cVXWg1vibUZps
2024-11-29,林一霸王茶姬活动,13.0万,/l?e=dc52iRwUWR5GhKXwkYJOlyUI3%2FjbJxw0L7uLBFsf8Pap88igxIFlACVAYl5DdPjmBsqBk05oj5NrbMDe2l5jkXRqmnTa2oEO4PwiqiiptehyFdjUUwq%2ByGEXQu8nVQxSoBi6LclIcjphRZAbYWXLXL5CbwuraHYU4gX%2F%2F5LPpN5rY8Tg84TShYe7pclSAcLfMWe5wQ2itjXR5ZJzGhF%2B9dLefl%2B%2BIxv%2B81%2BBhrKehhbr075wT%2FHlkQUhNQ1aIzI9jwW5EpZ3zaXXvmCw7XLne%2FPtBdinvhT46O4ABFA
2024-11-29,侯明昊无处安放的手,11.7万,/l?e=7a90HQZ4Z4JuLZvn4hquwC5yi3ouzNSSoXrGQCW52S43sgDvQ7ZW9H%2FM9BMLPDlPZlh72kFpVh2AowpzsexsP9m4aCDLF9J9UrvKXWT4cMtDmXPPp9pk7L881URU%2FbygnnVIglALd7NRJVQLwolz0MipRfbhLJNgnbDxbhL0cD7eVOK3FSygnTCWJAjCv2PeSSOxOXNeaNDeIMcPaWShUwhNRWAF9EfrqVk1kDqWRIWX2hlaeLXgBpGta4nm0XC0lZDklZ2HnLyMGOHsD7dnZiGbfOGVfbsmLZLJRHP2YVDgmPMvN68KaZfOdHA
2024-11-29,上海体博会真的太好逛了,12.5万,/l?e=6e9bDsJfgKGh1sIYTuoan4kWz9Puj0wA8NQCcQ9bzt0n9qIHCbZ6pUXXCelyHp0Q0FWNFzKrfhMYs101vxLHAwKvZG9cK8p6cUqYsFROuFYEp7YbBQI313k%2B8L6DoG0BN5O9uEm1C8wwOI0T62KYBca9is4MbllrugbNO7%2F3D%2BRGJxQDzW1g6ALsSmPb52P8VgZdAgeX9tjon16gTnfaSVYq6NKM0jgzWoMZhRfCWlEHSAOI9xN24jdOUuPD7H%2BvPMtifUjQkJOi8QDBvKXMH1SeX67Z0eAdSQ%2BH4HJjM%2B3VTGFrNOVT51vm4%2BeqH0h%2F3TyKGPtmUCiIUDxwYDzKpDt3MoYgDW7KgTI
2024-11-29,容祖儿心淡全场大合唱,综艺 134258,/l?e=6db2MGzuhFUffwPQpBmOSuKOWpOGcCeo5lFJ9oLsEttROGY5Scj0lMU%2F%2FTkZuuXbUKS18WjDMTwVsuK%2F%2Fi6OtDtc0qBRbGZBIv%2FRLPZ9m0vgvSbGlyqkw%2BiSvuLSfDw6R79CA30vUyHrhNWOcYNlrHftGVfIOKT7ZeljJdYdr8B9vO62jQ%2FZEB5tzE1TDw8ApIBbIAZI7r3ialcpOMj0aS2ziFP%2B%2Bi7WvxHf8QPducsoPAcE%2Fbp82oPBZdMyWLkTyjW3FpTtwJ5leTXD473ESETa2dHTeqNwsCakSEYOEWh%2F8yPqtoc4Q%2BEYk8kQgtfoTna5M7czAznFm%2BI
2024-11-29,王源头像P了个新帽子,17.3万,/l?e=05bdb8uktQJ4PM%2Bq2TcfMxnUNTHXcdeFXRkTVx8bpp%2F7wtTJbla%2F3Zjtsq%2FyuucAS7dTLwvYZ2pJcITkrYp0puErTQ3qqtJ%2F1DEumlucqmD8jZJX7YglhZHgbbU4HgkJ%2BimPZLfnEqboAowiyyXJULDI8kHEjQJlPip%2B0yS6v%2FjThiALs6cefCAk31FvGmC6cM9VoFOZq2QTFFbMZgKJQOoPVhcxptb0lzpiaAlE6T%2FZKWfDatUaWPCqhSp52mXDcFKTKwo2WwHeZ3NOAEr3qx4ncsSfrbGbVZiIti7o%2BNpM8YqQ9Xzrr3d6hwp4
2024-11-29,再见爱人4第七期视频没了,综艺 334653,/l?e=7b24GiH9niTJu%2BVVDuj7L4Z09m1lxcYi1zHxZrqSjCkg%2BmAyG1wreIsuRsEIumrw8kwhyMV5rYbJO4StJttcYNWeHGeGzHb5UNMURtEy8GcsQgBdFx%2BTeT%2FO8HGNGkUqh5c%2FYdmzRrr0JHMq94Hso5u2tI2e01aqTnCJv78coUpXLCxgDxMb6DzTB%2BsrdpxKgp5%2BkRH40pzgTyL0K5TOfQ4hxJ9Q53jtcwWZ%2FeLkEja5D4CrITVSF3PbVhq5VtHawM4oLBtCPftwGWdF%2B0AHaHJC81rHZCCeYn6zuz4%2BbmNhoOv2L3T6I8HJMtpbrBYVZ8KWa851qIfFuT1sB%2BpSt62N8vYqwZGELepJ
2024-11-29,优衣库创始人言论争议,19.0万,/l?e=38f52%2Bdgc1WsxZ5pNHbnQotR%2BsMA8XBoOCYxy%2BFXPne10cyMPuhbqECKlyLlJPxjOLXB5u3sK%2BMT6c1o9xDYu0Hx3L1xpRxjYz1ZdDGtsFvpJ6BSl4UUL5zHxzSgaLi8g%2FXT6kwdW%2FMT87AZP%2FwSkmQkBaXBiHM7z4sGVsiOLo8I1rMtTIUvEG%2FI8qTB6rtTg81xuhvwqrZ7Gk%2FAFb0BGxgkwc451V2n1gv0v6wWnwa7OUTpddjt4qHuGd0gGvgaOaT5mjg4Bm57cr%2FPKbUtpBwDSBagfcqPjH31g9IVM8PdKP3ten0tC9K2UyoPLLgXbLXPD8aZXGzkib4
2024-11-29,丁禹兮看人深情是因为六百度近视,综艺 132684,/l?e=dfe8lrhylitOfdnaUkjmSZS%2BIhHrzgFgf2o%2FyWijhvRZj7b3xEBwUpYkUuYeukRr0QR1cxjjxlKt8I8kQ%2BWseYnc%2BEL5lRXrUn%2FC%2BmjpBI6qql1xNcgWX9KLpvGaW2UVVyUIqBzTqdHKEidBqgQuHxGmXH7zf9mQWp0XWrRB4G7ZGcS4HWpk0D37ayKzT3Q%2FrN9RBbrp7fbVTGy9Zzsn3d6HR0fMtmfgRK5t6bzKW3fekGp%2Fwu4Z5kK3w3JkBK1UsmXEpsi6QMgFtyAPPABd1nGRI6ld64lBfBSHnuQnAnnL7sKBXdLYn2ev3gXWvUkF9JhWuk%2F8Nyj4HttqDaavXlce7WfrE2ZE7hC69xrR40G1D1xhnoogk7cjl7y3hAyvdGNL1z128FZX6QLu9lp5aCu3GIQjedxlQ%2F5qecJCMWu1pQ4aeAM
2024-11-29,奥斯卡宁荣荣 新还珠格格,剧集 123615,/l?e=5d62M1PFAZbedgrbrb9qke8UpiVePIbcxQdNDLY8CrbFvhr4t8WdoIDkpj3RH7VJXA02YzLxRYARaLSDCp12%2FIw6%2B63DmyFsQaisLUQTfzD9FuWgwWRQ4UuzsQHpahNn8XdhNE3JK58FsjMhF7WiPDFp5IrKRBSswgJRmgAJp5%2FnTLq4DIhgvNst3XMb6TyfhdT7oweEHLoTQJbFzIg1O2a6bAo9oFDcIHwuOSS14VtBsljIuYPMiW78WvSpZvkjCO84%2BKZGMDkXibojUcbkfSxfKxGk1rRkrAN%2Fdm2c4Y1VxgLP26oDcLqZffQZx1SkDQSE0StTc8J355iq%2FLV9Z8%2BGmCHQI76m1KWX8tE
2024-11-29,丁禹兮 包治百病,15.1万,/l?e=af28CXdC7L6iecZ7byNTwL8q09tRq%2B5aJDBs3JQ1riJAipeA%2BwjTzKx%2BQ3m%2BA8wLEGM181Y6YDd8wL9VXZjjg7GD%2FW7kobKEhyZG9TVQr2gxntuxTlA4I8TSc8zAViLGeppi9RbXiQTeTHcKl95udrbEIqmE7XKOpQiqllcXm0t4RpYiM%2BafReSEMoDpbzlgxh5Q9lats5drcTLAkSP4zLuzDqwCokTLso6G8tlR0WN7aX2cpNwp4cr8G1%2FkBYUVuayYAUfF6D3j5gRtUwsuRVw
2024-11-29,孩童被未拴绳狗咬21天主人未现身,297.3万阅读 | @百姓关注,/l?e=5ce4b19wAPPP0Xxj1C8QvL3%2BIXmWuXWOXjH8erBZ%2BLnEBbbF0BOu4dNWHsxEs4mlFiNCtg%2B5SH%2FpPOr9HncluinEXj0aX8egO%2BpCBCf6MZEM0Jbn32FxNizclX3EZtEBEGOgHz9GNYN1G36apXTje3QiAGQt%2BJVjyBBrCU4ppPMbj6BzHLlgtRQ%2B65JDjtgVse2U2UXn67C0TqFm9C5aOdNOo2Cm922OiTwZk3xBrUPZDGi5mlYl3J1ZmdnVkp1z2gYC5Y1jIN0z9YEMnllzDJWyK3QCyXdPzScWEA4%2BJjiIKhU5Ok2LvHNoGfAL8Fo%2FSfhFdIX6%2Fnddk9Nke4DJRV4rEes2KGMMn81Ga2z4N91hxZRHmwTyqfuzmMxux6EuQITuyXsZfy14wcDF4QGfanq4GMWN5UQLAQ
2024-11-29,MRC对战GW,13.3万,/l?e=e137D%2Bo3EBOwe0rzJslas24IJhV%2Bg7%2F9s%2FAMxVYOpcC6VjB%2BZmMUcqHTdOCX5Sy7UC2%2BshsXkfX57XEZ0TLWj9%2F%2Btf%2Fz%2BBZQSglZAD4BqNlSB1zrlxfnvvJF9MCNwE4YeWLKXbw6NnkjMEg3ddxNATWQBznf6YDEiqGMGfXim3BNebuxIqZrQA
2024-11-29,有毛利兰陪伴的夏天和秋天,18.0万,/l?e=99f6x7XdUDOazkTWDUozPHEb%2FCIwvlpTjYy%2F8V%2FNwgXnbEQHsbw%2BzDjWm5MG64ThyiSlZY9kDaX%2BcbvEXB7sKf44qPvgRfV5YKnsC5t430kluQqdayjfJoOG5KOzUsIny46gSZVczrk6RG%2BZzLytlrBGOtgtUbMBvwjZMYK6ywMTMp20d61OgAdYvje8dy0tyasMuHYf0aF6wgidWGZyVhhshZcFsndwO2E%2FP8t8im7vTeKhuPiSNDBuDQAL3i13TG2gpyCzGpnA5oX%2FeHLy44MEgObnJBvsOeLu3AOZ8YkAQvtuPKXsoCOyconSWDxla6qaByGXf4%2BTV%2BKQiQyqcYgDqbuqNP5yhsJXoE7tGMaasrSqyg9BBcY
2024-11-29,南宁一家长称15岁女儿孕期被砍伤,11.7万,/l?e=512euQgZzvfYk1QhaIv%2Fw020A6r8IB7O8UO8FLuxtE%2BPUBXJxSP5PVvj3Py3p7xRP8ww8w3hctfRqUp08tJ2j1cDwY%2F8xrtJuwXvTOvvAh2TARQd8kh8jTm1Vo5xwld19iN9E6WI6%2Fo%2FbpPmyNCxHOwScxixLzZPxrK4gc%2Bo8zciWVVGz208Bis2HUjcLOzIKr1EiiX2J%2F0JSTakk9wFHheV11GjrzKW%2F4gXyrdrf0wpCrpi4Jn7uwqcviqdftEcywCycqOOYAfkijm%2FfDvegLGSmrD2UM0bK%2BsUhNi1VE1lbypfrJW7X9tGWh%2FUeetDP7qkXV1C0EwkztQSI3%2Fz%2FARmbuliU4JP74thhcevFcF58bbXaJIDqSp%2FrPBwX9nK1W%2BtsazidWWXzQrxIb8ZIfw8FkmMtnB2WA
2024-11-29,杨子黄圣依 人设,综艺 110717,/l?e=b7c0R5LPPYdHK0kJRrCAjraubdvaaOglwZtXMm%2Fevxz5JJ4WT2hCq2yMUxF%2BQ5O4%2FC9e8pbPtLtevB8VHfVezAjpcRcLeGWgkZsKm41iaM7EVJlwGRzzU9li5dFZEynP%2F7s8bwqQFmoYrrLTxUN8v%2BxrH3KRIPQ4ACe1gJ8m9SFIJGYzN1GOxvE07b3Pn65eiOWewzKz1CMieREW1wr4HGqcv%2FA%2B4SEV4sD8rNrs4U7xhDuaxNYi3JY3dXdpMXVLWF5TaGgp72x8MYu3c4o32lY
2024-11-29,张予曦 初生天使,剧集 127019,/l?e=5042B7PcVCVrex0AZCSVEYqqyoVg21xNOXPSv%2FCI945vBhtHvXzf5mN7qkQnNKHlhGd4oPtmkzkcVW0%2F8Wsy4sph5YK3POUan%2ByKqYMIh6Kc5ZR6JJkQ3IuqMW4Z0MPQv%2Fn1R1bLAlaWto1h3OWRqdR3zgdP9tLh2hxpQgZiZPD66WmCZWT4IsbTcLLKHwZDgmscZGJuCiTTplDWMQDZo5ZZBNhP1BSH%2BN1sHOzQdq28%2B%2FNatWzkKmhwXu02hJJMPDly35jQ22bpqYEVMTdqjUE
2024-11-29,3人1分钟抢劫金店价值千万财物,15.1万,/l?e=dec2cHuo3N78jZQZF5nml2sD9AcWYk1QMVAtm%2FJZ2Agbde7M1XqQJ4TVLadlio5ziVBJqcZr5sq6GIhL77ad0bwSSQaNshl2bucOf5frqP3NjaSGXes3Viv4PR%2FeJzpviLUuFv%2By1WKk5k%2Br05piPOCA2EZKpJJEHPe0JqzBptVZ%2BOpUK6mmLtxZBiu9PcTwSzhGakLLnDwwq4f1lXjGNNAIXdighLcLTxWeh5EIOjLHcuafHf5tVJFRPAYvWsGOi9dbCQJaaZb3Ss0r8VkugVsp38luukJ4Hrzds4D4kb71DxaKUT%2BYQJxX3ArEDVuhFrAh6%2FNBpg1vV3X%2BzTebtNUU0tZAGmfUu4Fjo28t%2BvuPD%2FuwCeZq15q1dc%2FRFgG4E5j9Wi0im8%2B%2BZQ
2024-11-29,派出所回应山东一金店被抢,721.0万阅读 | @大象新闻,/l?e=c8f64HjjFGvNlTC3e7GuYO9bPqcBcYqNFSV7eyEDYVkLAAIYN0hx%2FffFoIR95L%2B0fXUSkTdwnBQCOQTJo67Q4BQY4ctDR4w1BCPPvYjRczIWi85Zwzbah7x3hHfYEm1FlY%2FkSg85xVgOg%2BrZ5VgsMmiiDXXB0MEEd58Ntxth0H83hV42gGiMXlXstBSsGB2dTbIvYK98ZBoSJsI0y7kbHXmLvXp9d30vKmXMDedDljMdIVnUqJzDXL17yE88Px0znw4TEC19APGDnqcFb04iEiVndfUEJ5prlc0dSCV6dhAe6HtFdSivP7WzRtkvQLTz3d%2BkBW%2FOkqj9iT3rj8bYSZQGt6E%2FxTbCDKhQC3rl5bo1I%2B5KIXtVXfw
2024-11-29,珠海户籍居民可一周去一次澳门,1021.5万阅读 | @珠海特区报,/l?e=b0874kU9hw%2FCzW3dWFE1nEeBDa7HcFu41MS1wiy0OOrDoV7p3HDSjkUc5RxtFLk9JJmvyyIOKJ8X3ZlXU%2BqCxmnGNA6I2K7FbLl%2Bl8xb2rlBiCrLm%2FxOF1oPmuICDFnVs9bBO7jYYctimC0Bd%2Bopy0e5ygFUyfz0wPIfCx3DVcrAhkezFE2U5QeaHbHXT1HGpa7vIahF5HfB%2Bx07mNmmSlexjj%2Falyo8WgrltrOpUrTRNudqJixyI%2BvNT7H92gwifjlBj0VKipcpr1AsHUvyvcLftYQZ0MEyAj9Kxs0yT2UdhqJlE6qVsGPPtRGVpquiS2OXv3KKH82IBuwUpZv673g2G4Pbdg%2F%2BLCKv44jrEJADPmvhGEuvEDTFJlTl%2FH2D8FCE%2BF4oYcwxAXzFj0XRQg5FLRDwTKs
2024-11-29,蓝天救援队辟谣外卖小哥海上送外卖,,/l?e=2efcAhYx3JuAX5JdK2iR14urtZLHrQEVlesiir08rs7ul%2F53GFxRNuoBwmSRMPE7DncJqw3G1OipgYqyaD4mmU11ushkneArWTpA7uqoIRKms9FLYVFybbccbAnopBi2wEyXbPL1LeuR1KuZjGqt1aw46WoXySrAQHAttBvdj%2FOWk3LEMy0NNUoiuEYzVHj17%2FCr4rn6YobqL5SWeee4BPJNgQY6C84%2BMrElYPphQcyoKddgLfltrMcNA8vlE8r1wrfUh41V%2BqEsoR9Q179A1AS5TANbRQQrSZeMgXsdDsYedz%2Fgm6%2BdYyKDPlIef%2BqOlAf7r82Uc8rI7J%2BLUh82uCBDEc6fP6g5rzll4qzNS8p791uMDNB%2BYRXyY1dNIrrhVWjZOYYPmd7vlhrDaao4Ip3jCKOh65YrDOIjkk5x3ITqGJNO2WIAtYDia%2BtPjWDyzCEEwDU
2024-11-29,卫兰她整晚在写信,综艺 136195,/l?e=9ddd8F8CnvyjUswVBgphswTyke%2BDmvaV9rAUuMrQwAAAuaM1yEKoppmwKiT6q%2Bu1CoGRWHKLqItPN%2B2CAID6EiDSw9TlSgPSApVSGRPoDqgf%2Fp8Cj0xzzGlyVKVKMRv2qibx%2B4J6jrvsTvLM3z62fH10Bepx8qZIj0O7sJi2lkmj6w9mgh%2B%2Fr8v7yrGBe9gF%2Fn5JxfHbzLc%2BV08gG1A7TgWMGmJD%2BJjI7NlwUmsTY049ylOItfkdiYEhMUcXGO7ozgdQWIbTeXCTA5E2RKwmFBHhjpkbVCORk2VEU0I
2024-11-29,鹿晗好拽,37.6万,/l?e=0d3fddV7aS0Pjw5NJQgP7bOVt08DE%2F6PnjDgoNQK85JwkYtIgijv358rZ%2FVQHzFEWQfqQ%2F%2FaymhXhZjPHfcF9bavbtzZAqk%2BPk%2BU%2F0KlOQSWL7WTp2iAuih66%2FGkGxg%2F282djnd8j%2FQI%2FGMDcUX7Lw4K4CpPQTM3WP5hUoFsHmMpgzDf1pnsEMj8YoXn2JlFmv1787Gyk9UrqK2YoXaeCHE
2024-11-29,108是法考生的幸运数,16.0万,/l?e=02cfYf%2FS0A5REOdGYJ7z6UftIgPhPRpP2CJ4u%2BZVz%2BBI%2Bol39FeB46jNTs%2Fmqs3N0znpEgBlOZVHKylcoHdy7jr6xOHiFN7FfUOoUde5JsbPtNa6E5ygVVcnXH06%2Fv%2Be5NW0s4orZ5Rr9P%2BM1JHTovxM1eniSDeRiILOLpK7uBsMoFAfJs0XNxAY9lQymVDmIYG53Bs6CD71Gm5QupyfgqAJJUwEY1B41AOdylTBEspLiouDh%2BaAe8iZLCzYOvM95BKs8Xs6npVNDWcDw6XSuDcZg%2BcbFp9boEnUFDctrbw
2024-11-29,NewJeans解约发布会后首现身,16.5万,/l?e=4c7aHLiKKPSZcbEma2L%2BtlP0PGIY9IzWTGdy6mBw36eqY1bCZhP2iIih8ty1vNWQU6ag%2B2FGqawaBzRx4jJ1JbJFebuuw8WuJ7NzKERc6vB%2BvO8p49sZWlu0mR128p7SqHan7zKekEwj%2BtdXVd0%2FKQ9QlQWMcpgkLkoeS2luCmzob4WuFS8xQcFBcOXhImAtqLulDejbpg7Y0Y7nFLbH21D3cWxDWJMh%2Fx9wyRzXNsOHDOH0ugzzFrcTG8bFCO6nKR2T7s6BAM5rihBVLG4f2XTfi%2BTvHqn2jTK3EpKkH75QAEecznXcm%2BetbJRbp7hkmvvIlQ
2024-11-29,唐嫣COSMO文艺女主大片,16.5万,/l?e=55d5vTe4f23gqx4lObgH9agpH18aghOKsJLiC2%2Bj36pULr7nvDZIDPsjTPtI4biRooHKrgJiRuJQFsBcSawqJaREhdZWURWR306pEsyPl2F3m5RMbZ78Tj0dWuFTdf%2BvojNh7Wb9uxoxunuiiasNckCYarxE1EDsRWPeMkLXYrp0pfBGM7PJ71IGthXnxlQrOwQKYV2O6cSbZbEfFNFXKF3HBgspIHPC8TM3hVQV%2BOK8e1UPmUDihIcNEF3PBPo02LyYa7aK9QIzRe6lKdT7xxhBBezPoFMc82jTKpK8MdriAQ
2024-11-29,何洁时隔十年再唱rap,综艺 181138,/l?e=039fj5giyg4PBJZKI%2B6dzDe9npKYlY9kd97y%2BloAq%2FkLENiQMj0uRdJsvKVqyI0Qa%2Bz0a6Kk7jFFc8L3uxlAeiBi5OE8GnArY74UiUilIBmNCfAInUfVZ1XyzyMl6j1qXtLhYZE1erL6Z0AnDTj1O32qtmKVQG1StSeUeh4y2xsypA%2F%2BcZrs65W9ushsoc1FMY34phVFTt5%2BA%2F0xiToo9wjlxRKNp26ooI8HTkddkJaypOwglSvX80LH4xxrMfG8BB1AeL8ySbjwZOdjhohvYA4%2F5YNP41J3gX0nQQftt5g
2024-11-29,古巨基cue宋亚轩,19.6万,/l?e=10d22%2F0%2FC1ZqFvILht6vSguYSnUdqARd6hxBH0t1EU7ld7Rg9V%2F9sCjzYpLREMFHN2BL2yGN%2Fm%2Fdv1mBdAX62983uFi9GR7xFgabop3PqOoX13XLSeYL0qV0StODC2XL5IPWuWae8evd6C7ay4QMzB6KwQPXCFw9Cj6%2Fg7Jtx6cHd1%2F6SngQISkuAhjCFg2IUeWG76w%2FxSZuWQdDq%2B0Xm8IsTrHPLlBKSYs%2BAMkQHIgTfNuwbXikWp1d7QATmi7qkPo
2024-11-29,WBG官宣Crisp离队,12.6万,/l?e=3d5bASE7QaZ5zVwhNs2TVWH3GfKzhw%2BHBDkhe6fVtYrOz4l6U588T7lzGU9c77JAvjUPP9kEg9jWGB5w7PwhWO5w0vhF%2FHuURZfs6QzLt7o%2Fc6Jw8kDbJ7m0upoGGZjGRUlF4OmO9MBzdmpv7JogBlAgl%2BLnU1OGlvHPaYvp8fkovirbflH0Zusdmz6IMgDXBi04SkxgTMATzIAGSeXBb9Rq1tA4T3zoQQ
2024-11-29,11点05分是郑思维进国家队时间,14.3万,/l?e=71e9SOEUlJaDTzXNkAyiABVb9b6p9sXblP3wHst9tpkVMzj30%2F2U4i4q7OzuVdbX%2FIhHqwsapgselCi7k9ZFrhIIGHjdP6oYSFPiVcKXw%2Fct01RD9wxpChZRzGmCCW41U9q%2FZ%2BiuQlQVOdVv2xAdOxT%2FLCE0JVEEzvNp9lARtXdKRia1PwQnydYACUZ6WbcFgMbVLrWi3BxZPxkXToX4eIsMWXO5%2BFxWoauUnEj2BpNFVRHR8y2xz7iEi2pUBNxa%2BsC02%2BDI3Kt1n%2B1OVVmMV7a3qoxPcTRGTpvouTmZvpFEy3sJSU1MMSUWBI3f%2F02kx26VArXvUSS67p%2BW1Ag51bs1hsMpBzt%2B1urXILi%2FNhjQvsW7Z6M0qpicvvDA
2024-11-29,黄雅琼回应郑思维退出国际赛场,30.2万,/l?e=5280O2odWtZ%2F2j3MOAbUsOllVOyHbSNt2ZgR7tUNl0lJhLWjSS5qrs7nREaJSGyiTlIhVXSMiiz7Z3DRPhmoETGbQV7u24zNxSQpv5RutW5X0SsBf5YPNIM2heDx0fqn8cQR65EhMG9JEfJb8PueyngRxVSJ4TtUMlkp%2FIu60f40Uzy7cmCf3yDmRTxy%2FX6CYEyTbgTaO171YUym%2FobEwE%2FZ07lXmbz%2Ft3h7Ti%2FwLHVNql6FKj38r25DxOA1wRr65WC6%2BNdT5vF23BTIRNIf70oa%2BBmwITEFcDhyz4CflXJxaAyF4M5OV%2BeAwWfROQtAQQ7UhzKT7kLA%2BUtSTIL15QUkFCYTQkshdBj2Zl86Lg4hoQHb8XoGM4HeBG9OELqHGnyVRTXpq3fzQjeDdiSL4qsWIp7ENEs
2024-11-29,中国奥委会祝郑思维一切顺利,15.6万,/l?e=0454IpzbmVMOkm6lz%2BG1t5KvYHcpjQO1x1YYXRvE3O%2BwoIPesnjdStrQI1qh16bPldiTLz6DbjYLApxxARFIG6mOIkMl0tPotj3kVxFxOXHGpBeDEs8f0RmQ80CH15dapgF%2FJiAlY2Qt0i3tC3GUAZ%2F7F0Dh6P27fK%2BRA1FCNzE9oJG7W3HXPWDczi4ryyBvSAjgWbSDmyHn3sah53mJkzG%2FfWW7eyFlKBpKnTS8sk59mJh4CMbdeizD%2F78pt2Umduj8hC9QZMi7ETpPZC4KU5EOSCVuG8oC5ZT9hA3YhOV6KgzKH5FbpdKlHyNZO5eqo%2FD62Q0LpBBHuP%2FRHUY7Yxoy%2FWsNTPS7lvz%2BdQGWretldLTiep8m8VHGcaPGti9xfrNpTED4uKE
2024-11-29,陈少熙预言家,11.1万,/l?e=868chC92HNlV0BFGE1W2WghZpu2CFnOQEhtO61F%2F0oRTeIqTC%2FXzDYFGmmCzpUCy9W5hft9BVx6WIAgfM4jQcwhltVdb61ChMxYexRbBRmU6eu4p3jDnXtTRM%2FYUCYWTJoGRZKYNnAY6XyhXPU3eTJymqYTMid7XIwmq8sBn%2FmDuqgmjKRRV6SphdNM9EtnILmTTgj4vnAFe8Oj71fiGyD5pOiIr98cOqxcb1zWfftuXzTfFO9E0KNwGAqTYIt0
2024-11-29,羽绒行业人士谈生产内幕,1315.1万阅读 | @九派新闻,/l?e=1de62cCkQlpoVv39Ah57zHSvw0cWSvMIbNk%2BaRbbKISafEQHDfMD73bBiYTeTRyWT%2BSy9euc21ZfaYMxvcy4SUqLxudYJp3QnPeolOprQDMs7Y1yaZBbnpX%2Fsy1O6VIbW%2BhrZzNtzq5MZ5L8P%2FA%2FDmWM80Fv%2FN%2Fnn%2BOV6GIUJnmfw%2B0%2B0bmvomnFeX028c%2BYZEvEYTqi8v91wMoeJrStjaY0E5ozOa6lakCHsLYeNvmLUDpDq%2B%2BQZV3J6gFadCZRJG8duH%2B5u4wI9YIL8uzZ132cshkIReCD6qCHIkCPFyKkpdEWurZRYBfSng3t8SmuHyvfTUyGDHQrSiAVn%2B1uYtpBM5bTZJ8vdzY
2024-11-29,官方通报学校食堂吃出青虫蜗牛,511.9万阅读 | @新京报,/l?e=e6a439AQpGIEXuYjnWCQLEnmKnosxoB0ssmHr%2B6AeGt9LvmJCINssZ%2FQTAFLU9jx1acVisn%2Fv6vt862Wj71jli2SNFS6pynbDbJglLkojVBKvVzq8e7FB61XMJnMQTa9xM5OkT5GHud0dupHcfQ3fMa3YvVsNHD1k67PQI9cNpXM6YqvnfcK%2Fguwj9uLf3jn1Z6Wk%2BdsEk%2BqFeHAPkEC548YAD6VhQn7qlSWvt1%2FHuvyr5fXhmd1gaV8tl2AdHux%2FxUThoslyT2xwSG7eE2ZIAetTfp8EeB9Lyi%2FQFoVmsYNjoIr%2Flda%2FaIsGh%2BtAufh7lUWfSe38293UnMC9kKsh60a4zuGIUjPsKq55h9D5DO2d7VonSuEcDL9w2xTfGXfrxFXkpkl24I5QVBmpWlDfOrC9gMajcE
2024-11-29,婚内婚外老婆情人饭局修罗场,剧集 116034,/l?e=0c47WM70julhPgJ5Mg8CESMexi2SqyzIl%2BUybLEsGnjCATp0x%2Bh7h3B5DxN8eqw4NNtWjuymYbHV4iB76J4HexkA3IvTp1S3ZAm7DMHTfmsoPvu9%2Byu2ZcpufoYsnCkbzuVA63yDynPqV4bqVQ5HVbabprHFCjEsoiBXoiOsGis76JfriFyCez2VQdU7xV7%2B%2BUDKmFlaN9q2iEV5%2FDQrBSC%2BvUwJSt2fMLD5k2BkcJhplRYfqxlmgmDypBL8eBvVf6raOSXdJo3MH3D46scuSL1dXDH8e8IZFCeBBfUMGZwOtwdHiL1tnhQcg7k1dRDk0EODZASEPYhxZvm%2B8EJm%2BlPmELa5gPvaypr6sh4JOLYz8y%2BqJkMER3ir0pSd%2F9zK10TGZjAcPmM
2024-11-29,Puff和Langx和解,22.8万,/l?e=84e7eRMMQhS1m1qgSFnn5VV82jikbmCHl8MSFAo%2BK6xHnGBF82rfQSr5lOZH7kRZm433EdXheNmdrcd4jsUkWQvP6C9NjxRbmHz5CRoiFlXbYu5%2FllV%2F8sLd%2FLgsYeLrvMxPKs8RSPJOsikQ3b539oOWf%2BVeETmmDVR9IjdC%2BPLz6cEPQinSdkI2QZn7nzb0ruREqYNXJb%2FNtB4
2024-11-29,国乒备战2024成都混团世界杯,12.8万,/l?e=7425Dh%2F2tPiYJNVtamyuOcfbeP6zWDBc7ZhzQG4nfshFhMVK0gaTNhg2dhxJbY%2BCcgyAfjYoq9pt%2BFi0HPmk6pe0UEZyISQsYs0xYCgX4lKUmHJwbKJGf5HR5CmKAoXz1U0qZabTeTvx0xx%2Fp%2BESLHtT%2F5YRXvKo8zRvJfEWPVF6ig1%2B0TnQ6Y1PUfXcdbcZruGC3KY5U3ybtUFxgpjeUr57EGtzBrBwASWHI0oy%2B3NePUXrE3cBvbmfLo9rKbPAfhRVuQSaXx0jpVrdXqOlR9eq7FQWxg%2FZ53GDT6yLYcmq1LRNZyBEvAdUH9UGeNoZ97a1Ddfbd%2FmxWkdLDKzdQJPKnPvCzUSvH90XXqJ%2F
2024-11-29,苏新皓我记得那天阳光很好,22.6万,/l?e=57a0j7MEQwCmp72I3c2gx18peWXtBLqwI%2F83MlwHpfKxdabsWxk6R8yTx%2BIAauD3t4U402P8mnpWwQpYERQcsX7iwX%2FxvaInjDQTKAWIVG98UVF%2BxeQmPkgfotKxOXcPAMcOThStC3CxJv13LnpTOV1Nr7cZb4USzsuyO6j68NUjNANFdGPDPrC5CZ0RsqZMF1MRgDMb451OEit8KJbixZaNsgHv2QY2CWD89A0mxIcDA2Cc0CsNz5TLWRqV%2B8Hq5VUp0HbVEDlcLGNUrJdLKrFNcMtkbBCFVC88bdEvj9VsX9K9qYENBR0jwUnYAqQUCmnEZe%2FsPuPugUHklg5U%2Fj5xlRuRZXsodg3hLOhY%2BNf0VUvi6F6%2FQME
2024-11-29,金泰亨单曲空降,音乐 168164,/l?e=ecc2CNXtSdVo4NnGlyledu9jIe9GgThYH%2BV%2FQHUT3%2Fp1Jt5OYmdWodJvxNmK0W0RUxBzdq%2Bve%2BJi49MXEXQMIeqpgCwO42keZlfilm9vf0twi0imMwt45bsVG3NFmUx4JCahZB8Y%2FvDNzcoDtXfcFtVHuLtAv0iZTaNU02bERtSaZ6tXRjQmAOERgHyHzEvI4I7vXoHtoe%2FmiPV1KrDHwkmavsiN79TTtOyLNgQaI3FeL2PMugNm27fauSdLSaax2iiMvFzP9yqXEQ2zqJ4
2024-11-29,唐嫣粉发未来造型,16.1万,/l?e=19ecqvsN%2BWotATWw7NDbZQhaT%2BG7nBeQYp3eGTsnxyPrUFQ%2FfLrdqdGe7BN3P9%2B%2F3p4H0Bxa7hXUdsM3DuHL%2F9f%2FztOn1jtFLm29zN7YOrtcpdZtelNvJc%2FLDcph2%2FoxJYNVdp%2FghUZ4FTMBhAUhrGJgddBBPAtsgT7cqKORLwgWPqoJ2a40kLOPvbu01aIBC4Be5hJkhs9OCyfZp1HtirhE3L%2FFhWBohkXsbNzOSvac4o6kPjIXEER%2BSubJNbw1He4BkL%2F2cw0tSl78poBnkYn2czoCERKMcQyUhcM
2024-11-29,冯绍峰接想想放学回家,20.8万,/l?e=f0063QlGXQq7J3rqd%2BCMQnjgnwzEhpmoEA7QgxWhw73MxLEtXvgu5wleQLQ5P24dC%2BLCA4GetI3oYJEJdg4B0%2BqYAQZQmcgUWL7pWP2PPrPNE84QSW7L7p%2FbLcotx6vSre6zz4q874kJir3lrNPKml%2FCAFfj%2BsM1aHTORQn4j5L71D2bqIsOWCA8UkIQ19ANJZQHKFkCVi3VB9IQfLGD9%2FzkaEdwMiq8yd%2Ftc1XpAxt%2FVKyOaaP2s3mlEYqD6Gkp92Jt6FtjqZGwcrjt40wAKP%2BDQ661%2FUCh67yNexAOAtiHNhwaQ%2Bdi7rHly%2BvrqnJ7ieKM1lV9ZfYDMwI
2024-11-29,冲锋衣成顶流是靠什么征服年轻人,12.2万,/l?e=193dOum2kFea%2FlQC7BoumNg7aXhKIIrSwhv7NSrVbVB2wtuPsamHPdjA6gzfYKxQVmDsT3JhlBZ%2Bfl%2BoUoUcYqjkGLJ78eo%2Bzu79CUO6tAMjrc4PGm1XYXpgZ%2FCjxgOWFa9N7aAekfaOix%2B9HxJYpeBumvJw5TcV1jYpTY3JyY7xM145Cqgw4EbuN%2FCga9LosJewyylQMSfLKjH%2FADPQMFA1bYlYAAROlq%2Fe7BD9KwYt%2BFe1yh1zKnzmw5QyhIaBBAb7OuV26o4pJIsfCntvaEnTz1RHaAbP%2FAKnms%2BEINEBg%2FmiMoBCHfKotL%2FIYC4j3E%2BtiSGZTh1oGj4kwMyW3dzpORVlbXTuxAoTvavxq5GBCAXySx%2B2XYtOE5Ew7djn4LdVwVgKxlOofblQQUR9lqyXf4dPj%2Bww7LbLV5YIpVScKuAx384
